date,symbol,open_price,high_price,low_price,close_price,sentiment_score,relevance_score
2021-12-31,AAPL,178.08999633789062,179.22999572753906,177.25999450683594,177.57000732421875,,
2022-01-03,AAPL,177.8300018310547,182.8800048828125,177.7100067138672,182.00999450683594,0.0761038961038961,0.002
2022-01-04,AAPL,182.6300048828125,182.94000244140625,179.1199951171875,179.6999969482422,0.1307998819362456,0.002045454545454545
2022-01-05,AAPL,179.61000061035156,180.1699981689453,174.63999938964844,174.9199981689453,0.19444444444444445,0.0026666666666666666
2022-01-06,AAPL,172.6999969482422,175.3000030517578,171.63999938964844,172.0,0.23333333333333336,0.0045
2022-01-07,AAPL,172.88999938964844,174.13999938964844,171.02999877929688,172.1699981689453,0.19090909090909092,0.0014
2022-01-10,AAPL,169.0800018310547,172.5,168.1699981689453,172.19000244140625,0.2403846153846154,0.0033076923076923075
2022-01-11,AAPL,172.32000732421875,175.17999267578125,170.82000732421875,175.0800018310547,0.011111111111111112,0.0007777777777777778
2022-01-12,AAPL,176.1199951171875,177.17999267578125,174.82000732421875,175.52999877929688,-0.10164930555555556,0.000875
2022-01-13,AAPL,175.77999877929688,176.6199951171875,171.7899932861328,172.19000244140625,0.0,0.001
2022-01-14,AAPL,171.33999633789062,173.77999877929688,171.08999633789062,173.07000732421875,-0.07244897959183673,0.0
2022-01-18,AAPL,171.50999450683594,172.5399932861328,169.41000366210938,169.8000030517578,0.06321924603174603,0.005125
2022-01-19,AAPL,170.0,171.0800018310547,165.94000244140625,166.22999572753906,0.054407713498622584,0.004727272727272727
2022-01-20,AAPL,166.97999572753906,169.67999267578125,164.17999267578125,164.50999450683594,-0.1,0.003333333333333333
2022-01-21,AAPL,164.4199981689453,166.3300018310547,162.3000030517578,162.41000366210938,0.28909090909090907,0.0048000000000000004
2022-01-24,AAPL,160.02000427246094,162.3000030517578,154.6999969482422,161.6199951171875,0.05277777777777778,0.0030000000000000005
2022-01-25,AAPL,158.97999572753906,162.75999450683594,157.02000427246094,159.77999877929688,0.07626262626262627,0.0026666666666666666
2022-01-26,AAPL,163.5,164.38999938964844,157.82000732421875,159.69000244140625,0.09166666666666667,0.0
2022-01-27,AAPL,162.4499969482422,163.83999633789062,158.27999877929688,159.22000122070312,0.07459207459207459,0.0018461538461538461
2022-01-28,AAPL,165.7100067138672,170.35000610351562,162.8000030517578,170.3300018310547,0.05696969696969697,0.005900000000000001
2022-01-31,AAPL,170.16000366210938,175.0,169.50999450683594,174.77999877929688,0.10520833333333333,0.00175
2022-02-01,AAPL,174.00999450683594,174.83999633789062,172.30999755859375,174.61000061035156,0.0,0.0
2022-02-02,AAPL,174.75,175.8800048828125,173.3300018310547,175.83999633789062,0.1009641873278237,0.004454545454545455
2022-02-03,AAPL,174.47999572753906,176.24000549316406,172.1199951171875,172.89999389648438,-0.0018518518518518515,0.0035555555555555557
2022-02-04,AAPL,171.67999267578125,174.10000610351562,170.67999267578125,172.38999938964844,-0.009242424242424245,0.0020666666666666667
2022-02-07,AAPL,172.86000061035156,173.9499969482422,170.9499969482422,171.66000366210938,0.19285714285714287,0.003428571428571429
2022-02-08,AAPL,171.72999572753906,175.35000610351562,171.42999267578125,174.8300018310547,0.21212121212121213,0.005
2022-02-09,AAPL,176.0500030517578,176.64999389648438,174.89999389648438,176.27999877929688,0.3058922558922559,0.0026666666666666666
2022-02-10,AAPL,174.13999938964844,175.47999572753906,171.5500030517578,172.1199951171875,-0.052727272727272734,0.0028
2022-02-11,AAPL,172.3300018310547,173.0800018310547,168.0399932861328,168.63999938964844,0.052651515151515144,0.00675
2022-02-14,AAPL,167.3699951171875,169.5800018310547,166.55999755859375,168.8800048828125,0.14499072356215215,0.0
2022-02-15,AAPL,170.97000122070312,172.9499969482422,170.25,172.7899932861328,0.10606060606060606,0.0023333333333333335
2022-02-16,AAPL,171.85000610351562,173.33999633789062,170.0500030517578,172.5500030517578,0.047619047619047616,0.0
2022-02-17,AAPL,171.02999877929688,171.91000366210938,168.47000122070312,168.8800048828125,0.1326923076923077,0.004076923076923077
2022-02-18,AAPL,169.82000732421875,170.5399932861328,166.19000244140625,167.3000030517578,0.08409090909090909,0.003272727272727273
2022-02-22,AAPL,164.97999572753906,166.69000244140625,162.14999389648438,164.32000732421875,0.07708333333333332,0.004
2022-02-23,AAPL,165.5399932861328,166.14999389648438,159.75,160.07000732421875,0.1111111111111111,0.002111111111111111
2022-02-24,AAPL,152.5800018310547,162.85000610351562,152.0,162.74000549316406,-0.0284992784992785,0.0
2022-02-25,AAPL,163.83999633789062,165.1199951171875,160.8699951171875,164.85000610351562,0.05819418676561534,0.002428571428571429
2022-02-28,AAPL,163.05999755859375,165.4199981689453,162.42999267578125,165.1199951171875,0.023611111111111114,0.004533333333333334
2022-03-01,AAPL,164.6999969482422,166.60000610351562,161.97000122070312,163.1999969482422,0.016965534465534463,0.0005384615384615384
2022-03-02,AAPL,164.38999938964844,167.36000061035156,162.9499969482422,166.55999755859375,0.13266666666666665,0.0018
2022-03-03,AAPL,168.47000122070312,168.91000366210938,165.5500030517578,166.22999572753906,0.09027391259534118,0.0010476190476190477
2022-03-04,AAPL,164.49000549316406,165.5500030517578,162.10000610351562,163.1699981689453,0.13115625956535049,0.004545454545454546
2022-03-07,AAPL,163.36000061035156,165.02000427246094,159.0399932861328,159.3000030517578,0.14431818181818182,0.0049
2022-03-08,AAPL,158.82000732421875,162.8800048828125,155.8000030517578,157.44000244140625,0.046602746212121224,0.0036249999999999998
2022-03-09,AAPL,161.47999572753906,163.41000366210938,159.41000366210938,162.9499969482422,0.13298898071625345,0.006727272727272727
2022-03-10,AAPL,160.1999969482422,160.38999938964844,155.97999572753906,158.52000427246094,0.04780303030303032,0.0028
2022-03-11,AAPL,158.92999267578125,159.27999877929688,154.5,154.72999572753906,0.09065656565656566,0.0009333333333333333
2022-03-14,AAPL,151.4499969482422,154.1199951171875,150.10000610351562,150.6199951171875,0.22544677544677544,0.009153846153846155
2022-03-15,AAPL,150.89999389648438,155.57000732421875,150.3800048828125,155.08999633789062,0.07181818181818182,0.003888888888888889
2022-03-16,AAPL,157.0500030517578,160.0,154.4600067138672,159.58999633789062,0.0937062937062937,0.0037692307692307695
2022-03-17,AAPL,158.61000061035156,161.0,157.6300048828125,160.6199951171875,0.10202020202020201,0.001888888888888889
2022-03-18,AAPL,160.50999450683594,164.47999572753906,159.75999450683594,163.97999572753906,0.21125,0.0014
2022-03-21,AAPL,163.50999450683594,166.35000610351562,163.00999450683594,165.3800048828125,0.12692307692307692,0.0013076923076923079
2022-03-22,AAPL,165.50999450683594,169.4199981689453,164.91000366210938,168.82000732421875,0.12585858585858584,0.0017000000000000001
2022-03-23,AAPL,167.99000549316406,172.63999938964844,167.64999389648438,170.2100067138672,0.0883812615955473,0.004714285714285714
2022-03-24,AAPL,171.05999755859375,174.13999938964844,170.2100067138672,174.07000732421875,0.09930555555555555,0.0033333333333333335
2022-03-25,AAPL,173.8800048828125,175.27999877929688,172.75,174.72000122070312,0.07485795454545455,0.0071875
2022-03-28,AAPL,172.1699981689453,175.72999572753906,172.0,175.60000610351562,0.11018518518518519,0.005388888888888889
2022-03-29,AAPL,176.69000244140625,179.00999450683594,176.33999633789062,178.9600067138672,0.12462121212121212,0.001
2022-03-30,AAPL,178.5500030517578,179.61000061035156,176.6999969482422,177.77000427246094,0.02859848484848485,0.003583333333333333
2022-03-31,AAPL,177.83999633789062,178.02999877929688,174.39999389648438,174.61000061035156,0.22916666666666666,0.0005833333333333334
2022-04-01,AAPL,174.02999877929688,174.8800048828125,171.94000244140625,174.30999755859375,0.13505050505050503,0.0021333333333333334
2022-04-04,AAPL,174.57000732421875,178.49000549316406,174.44000244140625,178.44000244140625,0.22737373737373737,0.0023333333333333335
2022-04-05,AAPL,177.5,178.3000030517578,174.4199981689453,175.05999755859375,0.15164141414141413,0.0029444444444444444
2022-04-06,AAPL,172.36000061035156,173.6300048828125,170.1300048828125,171.8300018310547,0.09297785547785548,0.0035384615384615385
2022-04-07,AAPL,171.16000366210938,173.36000061035156,169.85000610351562,172.13999938964844,0.2297979797979798,0.0015555555555555557
2022-04-08,AAPL,171.77999877929688,171.77999877929688,169.1999969482422,170.08999633789062,0.023737373737373738,0.0006363636363636364
2022-04-11,AAPL,168.7100067138672,169.02999877929688,165.5,165.75,0.09020979020979022,0.004230769230769231
2022-04-12,AAPL,168.02000427246094,169.8699951171875,166.63999938964844,167.66000366210938,0.13125,0.0
2022-04-13,AAPL,167.38999938964844,171.0399932861328,166.77000427246094,170.39999389648438,0.09504132231404959,0.0029090909090909093
2022-04-14,AAPL,170.6199951171875,171.27000427246094,165.0399932861328,165.2899932861328,0.16789772727272728,0.0020625
2022-04-18,AAPL,163.9199981689453,166.60000610351562,163.57000732421875,165.07000732421875,0.1262926887926888,0.003666666666666667
2022-04-19,AAPL,165.02000427246094,167.82000732421875,163.91000366210938,167.39999389648438,0.08901515151515152,0.002875
2022-04-20,AAPL,168.75999450683594,168.8800048828125,166.10000610351562,167.22999572753906,0.07344877344877344,0.004166666666666667
2022-04-21,AAPL,168.91000366210938,171.52999877929688,165.91000366210938,166.4199981689453,0.0865079365079365,0.004888888888888889
2022-04-22,AAPL,166.4600067138672,167.8699951171875,161.5,161.7899932861328,0.040873015873015874,0.0025714285714285717
2022-04-25,AAPL,161.1199951171875,163.1699981689453,158.4600067138672,162.8800048828125,0.10831168831168832,0.0005
2022-04-26,AAPL,162.25,162.33999633789062,156.72000122070312,156.8000030517578,0.1252469135802469,0.0
2022-04-27,AAPL,155.91000366210938,159.7899932861328,155.3800048828125,156.57000732421875,0.0450487012987013,0.002
2022-04-28,AAPL,159.25,164.52000427246094,158.92999267578125,163.63999938964844,0.14120370370370372,0.0011111111111111111
2022-04-29,AAPL,161.83999633789062,166.1999969482422,157.25,157.64999389648438,0.01565656565656565,0.005545454545454545
2022-05-02,AAPL,156.7100067138672,158.22999572753906,153.27000427246094,157.9600067138672,0.05983946608946608,0.00488888888888889
2022-05-03,AAPL,158.14999389648438,160.7100067138672,156.32000732421875,159.47999572753906,0.117003367003367,0.003888888888888889
2022-05-04,AAPL,159.6699981689453,166.47999572753906,159.25999450683594,166.02000427246094,0.11634199134199134,0.0029047619047619048
2022-05-05,AAPL,163.85000610351562,164.0800018310547,154.9499969482422,156.77000427246094,0.04107142857142858,0.002285714285714286
2022-05-06,AAPL,156.00999450683594,159.44000244140625,154.17999267578125,157.27999877929688,0.04722222222222222,0.005083333333333333
2022-05-09,AAPL,154.92999267578125,155.8300018310547,151.49000549316406,152.05999755859375,0.07783076298701298,0.004125
2022-05-10,AAPL,155.52000427246094,156.74000549316406,152.92999267578125,154.50999450683594,0.16527777777777777,0.00225
2022-05-11,AAPL,153.5,155.4499969482422,145.80999755859375,146.5,0.17202797202797201,0.003
2022-05-12,AAPL,142.77000427246094,146.1999969482422,138.8000030517578,142.55999755859375,0.1634297520661157,0.002
2022-05-13,AAPL,144.58999633789062,148.10000610351562,143.11000061035156,147.11000061035156,0.1,0.00175
2022-05-16,AAPL,145.5500030517578,147.52000427246094,144.17999267578125,145.5399932861328,0.028896103896103895,0.003
2022-05-17,AAPL,148.86000061035156,149.77000427246094,146.67999267578125,149.24000549316406,0.09171122994652406,0.0017058823529411764
2022-05-18,AAPL,146.85000610351562,147.36000061035156,139.89999389648438,140.82000732421875,0.09895104895104895,0.0026153846153846158
2022-05-19,AAPL,139.8800048828125,141.66000366210938,136.60000610351562,137.35000610351562,0.12154829545454546,0.00275
2022-05-20,AAPL,139.08999633789062,140.6999969482422,132.61000061035156,137.58999633789062,0.20284992784992786,0.0011111111111111111
2022-05-23,AAPL,137.7899932861328,143.25999450683594,137.64999389648438,143.11000061035156,0.09638861138861138,0.0018461538461538461
2022-05-24,AAPL,140.80999755859375,141.97000122070312,137.3300018310547,140.36000061035156,0.17897727272727273,0.00275
2022-05-25,AAPL,138.42999267578125,141.7899932861328,138.33999633789062,140.52000427246094,0.03177830940988836,0.0034210526315789475
2022-05-26,AAPL,137.38999938964844,144.33999633789062,137.13999938964844,143.77999877929688,0.06736111111111111,0.0055000000000000005
2022-05-27,AAPL,145.38999938964844,149.67999267578125,145.25999450683594,149.63999938964844,0.11387337662337663,0.0007
2022-05-31,AAPL,149.07000732421875,150.66000366210938,146.83999633789062,148.83999633789062,0.04872251931075461,0.003
2022-06-01,AAPL,149.89999389648438,151.74000549316406,147.67999267578125,148.7100067138672,0.07863636363636363,0.0053
2022-06-02,AAPL,147.8300018310547,151.27000427246094,146.86000061035156,151.2100067138672,0.13636363636363638,0.0006363636363636364
2022-06-03,AAPL,146.89999389648438,147.97000122070312,144.4600067138672,145.3800048828125,0.09539772727272727,0.0046
2022-06-06,AAPL,147.02999877929688,148.57000732421875,144.89999389648438,146.13999938964844,0.06857864357864357,0.0045000000000000005
2022-06-07,AAPL,144.35000610351562,149.0,144.10000610351562,148.7100067138672,0.054169441669441674,0.003230769230769231
2022-06-08,AAPL,148.5800018310547,149.8699951171875,147.4600067138672,147.9600067138672,0.03186363636363636,0.00275
2022-06-09,AAPL,147.0800018310547,147.9499969482422,142.52999877929688,142.63999938964844,0.08712121212121211,0.0024444444444444444
2022-06-10,AAPL,140.27999877929688,140.75999450683594,137.05999755859375,137.1300048828125,0.11394395078605606,0.0029473684210526317
2022-06-13,AAPL,132.8699951171875,135.1999969482422,131.44000244140625,131.8800048828125,0.1484126984126984,0.005833333333333334
2022-06-14,AAPL,133.1300048828125,133.88999938964844,131.47999572753906,132.75999450683594,0.14363636363636365,0.0014
2022-06-15,AAPL,134.2899932861328,137.33999633789062,132.16000366210938,135.42999267578125,0.023863636363636365,0.003833333333333334
2022-06-16,AAPL,132.0800018310547,132.38999938964844,129.0399932861328,130.05999755859375,0.021022727272727276,0.002125
2022-06-17,AAPL,130.07000732421875,133.0800018310547,129.80999755859375,131.55999755859375,0.071875,0.00275
2022-06-21,AAPL,133.4199981689453,137.05999755859375,133.32000732421875,135.8699951171875,0.03981910946196661,0.0018571428571428571
2022-06-22,AAPL,134.7899932861328,137.75999450683594,133.91000366210938,135.35000610351562,0.03534322820037106,0.002142857142857143
2022-06-23,AAPL,136.82000732421875,138.58999633789062,135.6300048828125,138.27000427246094,0.1538510101010101,0.0021666666666666666
2022-06-24,AAPL,139.89999389648438,141.91000366210938,139.77000427246094,141.66000366210938,0.049999999999999996,0.0038571428571428576
2022-06-27,AAPL,142.6999969482422,143.49000549316406,140.97000122070312,141.66000366210938,0.08284632034632035,0.004
2022-06-28,AAPL,142.1300048828125,143.4199981689453,137.32000732421875,137.44000244140625,0.21704545454545454,0.00125
2022-06-29,AAPL,137.4600067138672,140.6699981689453,136.6699981689453,139.22999572753906,0.141017316017316,0.004142857142857143
2022-06-30,AAPL,137.25,138.3699951171875,133.77000427246094,136.72000122070312,0.046590909090909086,0.00175
2022-07-01,AAPL,136.0399932861328,139.0399932861328,135.66000366210938,138.92999267578125,0.1009469696969697,0.0024166666666666664
2022-07-05,AAPL,137.77000427246094,141.61000061035156,136.92999267578125,141.55999755859375,0.1875,0.002625
2022-07-06,AAPL,141.35000610351562,144.1199951171875,141.0800018310547,142.9199981689453,0.15698051948051947,0.0031428571428571426
2022-07-07,AAPL,143.2899932861328,146.5500030517578,143.27999877929688,146.35000610351562,0.0963095238095238,0.0023333333333333335
2022-07-08,AAPL,145.25999450683594,147.5500030517578,145.0,147.0399932861328,0.13927272727272727,0.004399999999999999
2022-07-11,AAPL,145.6699981689453,146.63999938964844,143.77999877929688,144.8699951171875,0.17830578512396694,0.0066363636363636356
2022-07-12,AAPL,145.75999450683594,148.4499969482422,145.0500030517578,145.86000061035156,0.12361111111111112,0.0028333333333333335
2022-07-13,AAPL,142.99000549316406,146.4499969482422,142.1199951171875,145.49000549316406,0.03196022727272728,0.0015
2022-07-14,AAPL,144.0800018310547,148.9499969482422,143.25,148.47000122070312,0.1978174603174603,0.0027142857142857142
2022-07-15,AAPL,149.77999877929688,150.86000061035156,148.1999969482422,150.1699981689453,0.1452651515151515,0.00325
2022-07-18,AAPL,150.74000549316406,151.57000732421875,146.6999969482422,147.07000732421875,0.01515151515151515,0.0015555555555555557
2022-07-19,AAPL,147.9199981689453,151.22999572753906,146.91000366210938,151.0,0.03908459595959596,0.00225
2022-07-20,AAPL,151.1199951171875,153.72000122070312,150.3699951171875,153.0399932861328,-0.007438016528925617,0.0026363636363636363
2022-07-21,AAPL,154.5,155.57000732421875,151.94000244140625,155.35000610351562,0.11161616161616161,0.0005833333333333334
2022-07-22,AAPL,155.38999938964844,156.27999877929688,153.41000366210938,154.08999633789062,0.14902597402597403,0.0
2022-07-25,AAPL,154.00999450683594,155.0399932861328,152.27999877929688,152.9499969482422,0.04204545454545455,0.003875
2022-07-26,AAPL,152.25999450683594,153.08999633789062,150.8000030517578,151.60000610351562,0.047658402203856746,0.007454545454545455
2022-07-27,AAPL,152.5800018310547,157.3300018310547,152.16000366210938,156.7899932861328,0.14907407407407408,0.0007777777777777778
2022-07-28,AAPL,156.97999572753906,157.63999938964844,154.41000366210938,157.35000610351562,0.00991612554112554,0.0037142857142857142
2022-07-29,AAPL,161.24000549316406,163.6300048828125,159.5,162.50999450683594,0.0571780303030303,0.005050000000000001
2022-08-01,AAPL,161.00999450683594,163.58999633789062,160.88999938964844,161.50999450683594,0.0006944444444444454,0.000875
2022-08-02,AAPL,160.10000610351562,162.41000366210938,159.6300048828125,160.00999450683594,0.04720982142857143,0.00375
2022-08-03,AAPL,160.83999633789062,166.58999633789062,160.75,166.1300048828125,0.1409090909090909,0.003
2022-08-04,AAPL,166.00999450683594,167.19000244140625,164.42999267578125,165.80999755859375,0.05654040404040404,0.0049
2022-08-05,AAPL,163.2100067138672,165.85000610351562,163.0,165.35000610351562,0.007264957264957265,0.005153846153846154
2022-08-08,AAPL,166.3699951171875,167.80999755859375,164.1999969482422,164.8699951171875,0.07229707792207792,0.006916666666666667
2022-08-09,AAPL,164.02000427246094,165.82000732421875,163.25,164.9199981689453,0.18947368421052632,0.0
2022-08-10,AAPL,167.67999267578125,169.33999633789062,166.89999389648438,169.24000549316406,0.08809974747474747,0.004666666666666667
2022-08-11,AAPL,170.05999755859375,170.99000549316406,168.19000244140625,168.49000549316406,0.08,0.0058000000000000005
2022-08-12,AAPL,169.82000732421875,172.1699981689453,169.39999389648438,172.10000610351562,0.20264550264550266,0.002111111111111111
2022-08-15,AAPL,171.52000427246094,173.38999938964844,171.35000610351562,173.19000244140625,0.3333333333333333,0.008666666666666666
2022-08-16,AAPL,172.77999877929688,173.7100067138672,171.66000366210938,173.02999877929688,0.11136363636363637,0.00325
2022-08-17,AAPL,172.77000427246094,176.14999389648438,172.57000732421875,174.5500030517578,0.0261437908496732,0.004352941176470588
2022-08-18,AAPL,173.75,174.89999389648438,173.1199951171875,174.14999389648438,0.14024064171122994,0.002235294117647059
2022-08-19,AAPL,173.02999877929688,173.74000549316406,171.30999755859375,171.52000427246094,0.15343137254901962,0.004764705882352942
2022-08-22,AAPL,169.69000244140625,169.86000061035156,167.13999938964844,167.57000732421875,0.04625668449197861,0.0019411764705882354
2022-08-23,AAPL,167.0800018310547,168.7100067138672,166.64999389648438,167.22999572753906,0.08512396694214876,0.0057272727272727275
2022-08-24,AAPL,167.32000732421875,168.11000061035156,166.25,167.52999877929688,0.1693939393939394,0.002266666666666667
2022-08-25,AAPL,168.77999877929688,170.13999938964844,168.35000610351562,170.02999877929688,0.0703030303030303,0.0033
2022-08-26,AAPL,170.57000732421875,171.0500030517578,163.55999755859375,163.6199951171875,0.19001262626262627,0.0055
2022-08-29,AAPL,161.14999389648438,162.89999389648438,159.82000732421875,161.3800048828125,0.006249999999999996,0.004666666666666666
2022-08-30,AAPL,162.1300048828125,162.55999755859375,157.72000122070312,158.91000366210938,0.08881096681096681,0.0077333333333333325
2022-08-31,AAPL,160.30999755859375,160.5800018310547,157.13999938964844,157.22000122070312,0.038461538461538464,0.007307692307692308
2022-09-01,AAPL,156.63999938964844,158.4199981689453,154.6699981689453,157.9600067138672,0.0706008615567439,0.005470588235294118
2022-09-02,AAPL,159.75,160.36000061035156,154.97000122070312,155.80999755859375,0.04061533704390848,0.007928571428571429
2022-09-06,AAPL,156.47000122070312,157.08999633789062,153.69000244140625,154.52999877929688,0.12297077922077923,0.011428571428571429
2022-09-07,AAPL,154.82000732421875,156.6699981689453,153.61000061035156,155.9600067138672,0.12211509029690848,0.013151515151515152
2022-09-08,AAPL,154.63999938964844,156.36000061035156,152.67999267578125,154.4600067138672,0.09833010556694767,0.01631578947368421
2022-09-09,AAPL,155.47000122070312,157.82000732421875,154.75,157.3699951171875,0.17393048128342248,0.012411764705882353
2022-09-12,AAPL,159.58999633789062,164.25999450683594,159.3000030517578,163.42999267578125,0.14446022727272728,0.00825
2022-09-13,AAPL,159.89999389648438,160.5399932861328,153.3699951171875,153.83999633789062,0.1159090909090909,0.0019444444444444446
2022-09-14,AAPL,154.7899932861328,157.10000610351562,153.61000061035156,155.30999755859375,0.0712551652892562,0.003863636363636364
2022-09-15,AAPL,154.64999389648438,155.24000549316406,151.3800048828125,152.3699951171875,0.17386188271604938,0.003416666666666667
2022-09-16,AAPL,151.2100067138672,151.35000610351562,148.3699951171875,150.6999969482422,0.11576493681756839,0.0027368421052631577
2022-09-19,AAPL,149.30999755859375,154.55999755859375,149.10000610351562,154.47999572753906,0.13484848484848486,0.007333333333333333
2022-09-20,AAPL,153.39999389648438,158.0800018310547,153.0800018310547,156.89999389648438,0.11433566433566433,0.008076923076923077
2022-09-21,AAPL,157.33999633789062,158.74000549316406,153.60000610351562,153.72000122070312,0.10378787878787879,0.0058095238095238096
2022-09-22,AAPL,152.3800048828125,154.47000122070312,150.91000366210938,152.74000549316406,0.25452602952602954,0.0063846153846153835
2022-09-23,AAPL,151.19000244140625,151.47000122070312,148.55999755859375,150.42999267578125,0.18465034965034965,0.005
2022-09-26,AAPL,149.66000366210938,153.77000427246094,149.63999938964844,150.77000427246094,0.05707070707070707,0.003875
2022-09-27,AAPL,152.74000549316406,154.72000122070312,149.9499969482422,151.75999450683594,0.1744047619047619,0.0025714285714285717
2022-09-28,AAPL,147.63999938964844,150.63999938964844,144.83999633789062,149.83999633789062,0.11660997732426305,0.0029523809523809524
2022-09-29,AAPL,146.10000610351562,146.72000122070312,140.67999267578125,142.47999572753906,0.16713286713286715,0.0033076923076923075
2022-09-30,AAPL,141.27999877929688,143.10000610351562,138.0,138.1999969482422,0.09867960986382039,0.006263157894736842
2022-10-03,AAPL,138.2100067138672,143.07000732421875,137.69000244140625,142.4499969482422,0.055441176470588244,0.0059411764705882344
2022-10-04,AAPL,145.02999877929688,146.22000122070312,144.25999450683594,146.10000610351562,0.09920255183413078,0.004947368421052632
2022-10-05,AAPL,144.07000732421875,147.3800048828125,143.00999450683594,146.39999389648438,0.03333333333333333,0.002916666666666667
2022-10-06,AAPL,145.80999755859375,147.5399932861328,145.22000122070312,145.42999267578125,0.062254901960784315,0.004352941176470588
2022-10-07,AAPL,142.5399932861328,143.10000610351562,139.4499969482422,140.08999633789062,0.13803720434155214,0.007304347826086956
2022-10-10,AAPL,140.4199981689453,141.88999938964844,138.57000732421875,140.4199981689453,0.08249999999999999,0.00605
2022-10-11,AAPL,139.89999389648438,141.35000610351562,138.22000122070312,138.97999572753906,0.059577922077922084,0.0036111111111111114
2022-10-12,AAPL,139.1300048828125,140.36000061035156,138.16000366210938,138.33999633789062,0.051477272727272726,0.00455
2022-10-13,AAPL,134.99000549316406,143.58999633789062,134.3699951171875,142.99000549316406,0.16112373737373736,0.0023
2022-10-14,AAPL,144.30999755859375,144.52000427246094,138.19000244140625,138.3800048828125,-0.009625668449197858,0.004352941176470588
2022-10-17,AAPL,141.07000732421875,142.89999389648438,140.27000427246094,142.41000366210938,0.0992063492063492,0.003875
2022-10-18,AAPL,145.49000549316406,146.6999969482422,140.61000061035156,143.75,0.06572364267676768,0.00390625
2022-10-19,AAPL,141.69000244140625,144.9499969482422,141.5,143.86000061035156,0.08128507295173962,0.006444444444444444
2022-10-20,AAPL,143.02000427246094,145.88999938964844,142.64999389648438,143.38999938964844,0.09974364860728496,0.007727272727272728
2022-10-21,AAPL,142.8699951171875,147.85000610351562,142.64999389648438,147.27000427246094,0.050852272727272725,0.005125
2022-10-24,AAPL,147.19000244140625,150.22999572753906,146.0,149.4499969482422,0.22575757575757574,0.0023333333333333335
2022-10-25,AAPL,150.08999633789062,152.49000549316406,149.36000061035156,152.33999633789062,0.08771043771043771,0.003576923076923077
2022-10-26,AAPL,150.9600067138672,151.99000549316406,148.0399932861328,149.35000610351562,0.02077922077922078,0.003999999999999999
2022-10-27,AAPL,148.07000732421875,149.0500030517578,144.1300048828125,144.8000030517578,0.09513079513079513,0.004384615384615384
2022-10-28,AAPL,148.1999969482422,157.5,147.82000732421875,155.74000549316406,0.08721748737373737,0.007583333333333333
2022-10-31,AAPL,153.16000366210938,154.24000549316406,151.9199981689453,153.33999633789062,0.0498929512516469,0.00817391304347826
2022-11-01,AAPL,155.0800018310547,155.4499969482422,149.1300048828125,150.64999389648438,0.03306878306878307,0.0036666666666666666
2022-11-02,AAPL,148.9499969482422,152.1699981689453,145.0,145.02999877929688,0.08750742721330956,0.004588235294117647
2022-11-03,AAPL,142.05999755859375,142.8000030517578,138.75,138.8800048828125,0.08131313131313132,0.0026363636363636363
2022-11-04,AAPL,142.08999633789062,142.6699981689453,134.3800048828125,138.3800048828125,0.06315789473684211,0.0012631578947368421
2022-11-07,AAPL,137.11000061035156,139.14999389648438,135.6699981689453,138.9199981689453,0.045656565656565666,0.003925925925925926
2022-11-08,AAPL,140.41000366210938,141.42999267578125,137.49000549316406,139.5,0.11684981684981685,0.002857142857142857
2022-11-09,AAPL,138.5,138.5500030517578,134.58999633789062,134.8699951171875,0.025000000000000012,0.0017000000000000001
2022-11-10,AAPL,141.24000549316406,146.8699951171875,139.5,146.8699951171875,0.11209882071951037,0.0033448275862068967
2022-11-11,AAPL,145.82000732421875,150.00999450683594,144.3699951171875,149.6999969482422,0.0384469696969697,0.004722222222222221
2022-11-14,AAPL,148.97000122070312,150.27999877929688,147.42999267578125,148.27999877929688,0.19061624649859943,0.00041176470588235296
2022-11-15,AAPL,152.22000122070312,153.58999633789062,148.55999755859375,150.0399932861328,0.09256198347107437,0.0019090909090909091
2022-11-16,AAPL,149.1300048828125,149.8699951171875,147.2899932861328,148.7899932861328,0.1622960372960373,0.0035384615384615385
2022-11-17,AAPL,146.42999267578125,151.47999572753906,146.14999389648438,150.72000122070312,0.21767045454545456,0.003
2022-11-18,AAPL,152.30999755859375,152.6999969482422,149.97000122070312,151.2899932861328,0.042135642135642144,0.005
2022-11-21,AAPL,150.16000366210938,150.3699951171875,147.72000122070312,148.00999450683594,0.13392857142857142,0.0064285714285714285
2022-11-22,AAPL,148.1300048828125,150.4199981689453,146.92999267578125,150.17999267578125,0.05821078431372549,0.0017058823529411764
2022-11-23,AAPL,149.4499969482422,151.8300018310547,149.33999633789062,151.07000732421875,-0.14689814814814817,0.0066
2022-11-25,AAPL,148.30999755859375,148.8800048828125,147.1199951171875,148.11000061035156,0.06983065953654188,0.002882352941176471
2022-11-28,AAPL,145.13999938964844,146.63999938964844,143.3800048828125,144.22000122070312,0.13756887052341596,0.004136363636363636
2022-11-29,AAPL,144.2899932861328,144.80999755859375,140.35000610351562,141.1699981689453,0.16888774104683196,0.004363636363636363
2022-11-30,AAPL,141.39999389648438,148.72000122070312,140.5500030517578,148.02999877929688,0.06595500459136823,0.00596969696969697
2022-12-01,AAPL,148.2100067138672,149.1300048828125,146.61000061035156,148.30999755859375,0.1215969215969216,0.003259259259259259
2022-12-02,AAPL,145.9600067138672,148.0,145.64999389648438,147.80999755859375,0.08375668449197861,0.003529411764705882
2022-12-05,AAPL,147.77000427246094,150.9199981689453,145.77000427246094,146.6300048828125,0.0926837822671156,0.004055555555555556
2022-12-06,AAPL,147.07000732421875,147.3000030517578,141.9199981689453,142.91000366210938,0.07422248803827752,0.006105263157894736
2022-12-07,AAPL,142.19000244140625,143.3699951171875,140.0,140.94000244140625,0.04527417027417028,0.0033333333333333335
2022-12-08,AAPL,142.36000061035156,143.52000427246094,141.10000610351562,142.64999389648438,0.14588744588744587,0.0022916666666666667
2022-12-09,AAPL,142.33999633789062,145.57000732421875,140.89999389648438,142.16000366210938,0.1464285714285714,0.002428571428571429
2022-12-12,AAPL,142.6999969482422,144.5,141.05999755859375,144.49000549316406,0.12352941176470589,0.0027058823529411765
2022-12-13,AAPL,149.5,149.97000122070312,144.24000549316406,145.47000122070312,0.05507680976430976,0.003666666666666667
2022-12-14,AAPL,145.35000610351562,146.66000366210938,141.16000366210938,143.2100067138672,0.1989464962121212,0.0044062500000000004
2022-12-15,AAPL,141.11000061035156,141.8000030517578,136.02999877929688,136.5,0.1946969696969697,0.0034000000000000002
2022-12-16,AAPL,136.69000244140625,137.64999389648438,133.72999572753906,134.50999450683594,0.07469008264462809,0.0019090909090909091
2022-12-19,AAPL,135.11000061035156,135.1999969482422,131.32000732421875,132.3699951171875,0.05571969696969696,0.0039
2022-12-20,AAPL,131.38999938964844,133.25,129.88999938964844,132.3000030517578,0.18865864527629234,0.0024705882352941176
2022-12-21,AAPL,132.97999572753906,136.80999755859375,132.75,135.4499969482422,0.2125,0.00175
2022-12-22,AAPL,134.35000610351562,134.55999755859375,130.3000030517578,132.22999572753906,0.14250000000000002,0.0026000000000000003
2022-12-23,AAPL,130.9199981689453,132.4199981689453,129.63999938964844,131.86000061035156,0.10974025974025974,0.002428571428571429
2022-12-27,AAPL,131.3800048828125,131.41000366210938,128.72000122070312,130.02999877929688,0.020694444444444442,0.006444444444444444
2022-12-28,AAPL,129.6699981689453,131.02999877929688,125.87000274658203,126.04000091552734,0.12490530303030303,0.004687500000000001
2022-12-29,AAPL,127.98999786376953,130.47999572753906,127.7300033569336,129.61000061035156,0.027374939874939875,0.005571428571428572
2022-12-30,AAPL,128.41000366210938,129.9499969482422,127.43000030517578,129.92999267578125,0.1444444444444445,0.004555555555555556
2023-01-03,AAPL,130.27999877929688,130.89999389648438,124.16999816894531,125.06999969482422,0.12698412698412698,0.006761904761904762
2023-01-04,AAPL,126.88999938964844,128.66000366210938,125.08000183105469,126.36000061035156,0.06026936026936028,0.0038333333333333336
2023-01-05,AAPL,127.12999725341797,127.7699966430664,124.76000213623047,125.0199966430664,0.1125,0.003375
2023-01-06,AAPL,126.01000213623047,130.2899932861328,124.88999938964844,129.6199951171875,0.08352272727272728,0.0024375
2023-01-09,AAPL,130.47000122070312,133.41000366210938,129.88999938964844,130.14999389648438,0.09481060606060607,0.00355
2023-01-10,AAPL,130.25999450683594,131.25999450683594,128.1199951171875,130.72999572753906,0.11475784632034632,0.005291666666666667
2023-01-11,AAPL,131.25,133.50999450683594,130.4600067138672,133.49000549316406,0.08806818181818181,0.0027
2023-01-12,AAPL,133.8800048828125,134.25999450683594,131.44000244140625,133.41000366210938,0.06780248371157463,0.003863636363636364
2023-01-13,AAPL,132.02999877929688,134.9199981689453,131.66000366210938,134.75999450683594,0.05539772727272727,0.0031875000000000002
2023-01-17,AAPL,134.8300018310547,137.2899932861328,134.1300048828125,135.94000244140625,0.09819347319347319,0.0035384615384615385
2023-01-18,AAPL,136.82000732421875,138.61000061035156,135.02999877929688,135.2100067138672,0.13400557775557775,0.0038461538461538464
2023-01-19,AAPL,134.0800018310547,136.25,133.77000427246094,135.27000427246094,0.12823707686988936,0.00203125
2023-01-20,AAPL,135.27999877929688,138.02000427246094,134.22000122070312,137.8699951171875,0.0909681227863046,0.002272727272727273
2023-01-23,AAPL,138.1199951171875,143.32000732421875,137.89999389648438,141.11000061035156,0.09277497194163861,0.0024444444444444444
2023-01-24,AAPL,140.30999755859375,143.16000366210938,140.3000030517578,142.52999877929688,0.07379476584022039,0.0016969696969696968
2023-01-25,AAPL,140.88999938964844,142.42999267578125,138.80999755859375,141.86000061035156,0.0993125,0.0007
2023-01-26,AAPL,143.1699981689453,144.25,141.89999389648438,143.9600067138672,0.05,0.0036249999999999998
2023-01-27,AAPL,143.16000366210938,147.22999572753906,143.0800018310547,145.92999267578125,0.11948051948051949,0.0
2023-01-30,AAPL,144.9600067138672,145.5500030517578,142.85000610351562,143.0,0.038157894736842106,0.006
2023-01-31,AAPL,142.6999969482422,144.33999633789062,142.27999877929688,144.2899932861328,0.14252262888626524,0.007818181818181818
2023-02-01,AAPL,143.97000122070312,146.61000061035156,141.32000732421875,145.42999267578125,0.06556036556036557,0.0017142857142857144
2023-02-02,AAPL,148.89999389648438,151.17999267578125,148.1699981689453,150.82000732421875,0.07446969696969696,0.0047
2023-02-03,AAPL,148.02999877929688,157.3800048828125,147.8300018310547,154.5,0.06770609318996415,0.006129032258064516
2023-02-06,AAPL,152.57000732421875,153.10000610351562,150.77999877929688,151.72999572753906,0.10047225501770957,0.003909090909090909
2023-02-07,AAPL,150.63999938964844,155.22999572753906,150.63999938964844,154.64999389648438,0.0801948051948052,0.0035714285714285718
2023-02-08,AAPL,153.8800048828125,154.5800018310547,151.1699981689453,151.9199981689453,0.12863636363636363,0.0021999999999999997
2023-02-09,AAPL,153.77999877929688,154.3300018310547,150.4199981689453,150.8699951171875,0.09107142857142857,0.0007777777777777778
2023-02-10,AAPL,149.4600067138672,151.33999633789062,149.22000122070312,151.00999450683594,0.11078431372549019,0.0023529411764705885
2023-02-13,AAPL,150.9499969482422,154.25999450683594,150.9199981689453,153.85000610351562,0.09370629370629371,0.008153846153846154
2023-02-14,AAPL,152.1199951171875,153.77000427246094,150.86000061035156,153.1999969482422,0.0168997668997669,0.002769230769230769
2023-02-15,AAPL,153.11000061035156,155.5,152.8800048828125,155.3300018310547,0.033884297520661154,0.0
2023-02-16,AAPL,153.50999450683594,156.3300018310547,153.35000610351562,153.7100067138672,0.05578282828282829,0.002111111111111111
2023-02-17,AAPL,152.35000610351562,153.0,150.85000610351562,152.5500030517578,0.15727272727272726,0.0018
2023-02-21,AAPL,150.1999969482422,151.3000030517578,148.41000366210938,148.47999572753906,0.19765512265512264,0.002285714285714286
2023-02-22,AAPL,148.8699951171875,149.9499969482422,147.16000366210938,148.91000366210938,0.1095959595959596,0.006111111111111111
2023-02-23,AAPL,150.08999633789062,150.33999633789062,147.24000549316406,149.39999389648438,0.06964285714285715,0.00175
2023-02-24,AAPL,147.11000061035156,147.19000244140625,145.72000122070312,146.7100067138672,0.01948051948051948,0.003428571428571429
2023-02-27,AAPL,147.7100067138672,149.1699981689453,147.4499969482422,147.9199981689453,-0.04090909090909091,0.0
2023-02-28,AAPL,147.0500030517578,149.0800018310547,146.8300018310547,147.41000366210938,0.07276714513556617,0.003263157894736842
2023-03-01,AAPL,146.8300018310547,147.22999572753906,145.00999450683594,145.30999755859375,0.00976430976430976,0.0
2023-03-02,AAPL,144.3800048828125,146.7100067138672,143.89999389648438,145.91000366210938,0.059656084656084664,0.0016666666666666666
2023-03-03,AAPL,148.0399932861328,151.11000061035156,147.3300018310547,151.02999877929688,0.08049693362193361,0.0015625
2023-03-06,AAPL,153.7899932861328,156.3000030517578,153.4600067138672,153.8300018310547,0.04683372183372182,0.004615384615384615
2023-03-07,AAPL,153.6999969482422,154.02999877929688,151.1300048828125,151.60000610351562,0.15928030303030302,0.013333333333333334
2023-03-08,AAPL,152.80999755859375,153.47000122070312,151.8300018310547,152.8699951171875,0.16363636363636364,0.0043
2023-03-09,AAPL,153.55999755859375,154.5399932861328,150.22999572753906,150.58999633789062,0.15125,0.0036666666666666666
2023-03-10,AAPL,150.2100067138672,150.94000244140625,147.61000061035156,148.5,0.10697097020626432,0.001588235294117647
2023-03-13,AAPL,147.80999755859375,153.13999938964844,147.6999969482422,150.47000122070312,0.031168831168831172,0.004571428571428572
2023-03-14,AAPL,151.27999877929688,153.39999389648438,150.10000610351562,152.58999633789062,0.04995080676898858,0.002272727272727273
2023-03-15,AAPL,151.19000244140625,153.25,149.9199981689453,152.99000549316406,0.1202435064935065,0.0058000000000000005
2023-03-16,AAPL,152.16000366210938,156.4600067138672,151.63999938964844,155.85000610351562,0.06,0.0007
2023-03-17,AAPL,156.0800018310547,156.74000549316406,154.27999877929688,155.0,0.04764610389610389,0.0014166666666666668
2023-03-20,AAPL,155.07000732421875,157.82000732421875,154.14999389648438,157.39999389648438,0.1155785123966942,0.003909090909090909
2023-03-21,AAPL,157.32000732421875,159.39999389648438,156.5399932861328,159.27999877929688,0.04776785714285714,0.002142857142857143
2023-03-22,AAPL,159.3000030517578,162.13999938964844,157.80999755859375,157.8300018310547,0.06704545454545455,0.000875
2023-03-23,AAPL,158.8300018310547,161.5500030517578,157.67999267578125,158.92999267578125,0.08333333333333333,0.0
2023-03-24,AAPL,158.86000061035156,160.33999633789062,157.85000610351562,160.25,-0.05108225108225109,0.0
2023-03-27,AAPL,159.94000244140625,160.77000427246094,157.8699951171875,158.27999877929688,0.1087878787878788,0.004454545454545455
2023-03-28,AAPL,157.97000122070312,158.49000549316406,155.97999572753906,157.64999389648438,0.11688596491228069,0.002210526315789474
2023-03-29,AAPL,159.3699951171875,161.0500030517578,159.35000610351562,160.77000427246094,0.0753226711560045,0.0017777777777777779
2023-03-30,AAPL,161.52999877929688,162.47000122070312,161.27000427246094,162.36000061035156,-0.0125,0.0022222222222222222
2023-03-31,AAPL,162.44000244140625,165.0,161.91000366210938,164.89999389648438,0.08055555555555555,0.005
2023-04-03,AAPL,164.27000427246094,166.2899932861328,164.22000122070312,166.1699981689453,0.16051423324150596,0.006363636363636364
2023-04-04,AAPL,166.60000610351562,166.83999633789062,165.11000061035156,165.6300048828125,-0.018749999999999996,0.0023333333333333335
2023-04-05,AAPL,164.74000549316406,165.0500030517578,161.8000030517578,163.75999450683594,0.0923076923076923,0.0010769230769230769
2023-04-06,AAPL,162.42999267578125,164.9600067138672,162.0,164.66000366210938,0.07689393939393939,0.0013333333333333333
2023-04-10,AAPL,161.4199981689453,162.02999877929688,160.0800018310547,162.02999877929688,0.07751623376623376,0.002428571428571429
2023-04-11,AAPL,162.35000610351562,162.36000061035156,160.50999450683594,160.8000030517578,0.010407647907647906,0.0005
2023-04-12,AAPL,161.22000122070312,162.05999755859375,159.77999877929688,160.10000610351562,0.12190082644628099,0.006363636363636364
2023-04-13,AAPL,161.6300048828125,165.8000030517578,161.4199981689453,165.55999755859375,0.030303030303030304,0.002952380952380953
2023-04-14,AAPL,164.58999633789062,166.32000732421875,163.82000732421875,165.2100067138672,0.04341856060606061,0.0015
2023-04-17,AAPL,165.08999633789062,165.38999938964844,164.02999877929688,165.22999572753906,0.09030172413793103,0.0011724137931034483
2023-04-18,AAPL,166.10000610351562,167.41000366210938,165.64999389648438,166.47000122070312,0.08496326905417814,0.0012727272727272726
2023-04-19,AAPL,165.8000030517578,168.16000366210938,165.5399932861328,167.6300048828125,0.12080003330003329,0.0003846153846153846
2023-04-20,AAPL,166.08999633789062,167.8699951171875,165.55999755859375,166.64999389648438,0.09421296296296296,0.0016666666666666666
2023-04-21,AAPL,165.0500030517578,166.4499969482422,164.49000549316406,165.02000427246094,0.10949675324675325,0.0037857142857142855
2023-04-24,AAPL,165.0,165.60000610351562,163.88999938964844,165.3300018310547,0.0851851851851852,0.001888888888888889
2023-04-25,AAPL,165.19000244140625,166.30999755859375,163.72999572753906,163.77000427246094,0.06690771349862258,0.003272727272727273
2023-04-26,AAPL,163.05999755859375,165.27999877929688,162.8000030517578,163.75999450683594,0.12017045454545455,0.000875
2023-04-27,AAPL,165.19000244140625,168.55999755859375,165.19000244140625,168.41000366210938,0.1546590909090909,0.00395
2023-04-28,AAPL,168.49000549316406,169.85000610351562,167.8800048828125,169.67999267578125,0.06458333333333333,0.0
2023-05-01,AAPL,169.27999877929688,170.4499969482422,168.63999938964844,169.58999633789062,0.05779220779220779,0.001
2023-05-02,AAPL,170.08999633789062,170.35000610351562,167.5399932861328,168.5399932861328,0.24615384615384617,0.0022307692307692306
2023-05-03,AAPL,169.5,170.9199981689453,167.16000366210938,167.4499969482422,0.04215367965367966,0.003999999999999999
2023-05-04,AAPL,164.88999938964844,167.0399932861328,164.30999755859375,165.7899932861328,0.06448863636363637,0.0024166666666666664
2023-05-05,AAPL,170.97999572753906,174.3000030517578,170.75999450683594,173.57000732421875,0.12105716253443526,0.007772727272727273
2023-05-08,AAPL,172.47999572753906,173.85000610351562,172.11000061035156,173.5,0.059383306751727795,0.00268421052631579
2023-05-09,AAPL,173.0500030517578,173.5399932861328,171.60000610351562,171.77000427246094,0.039674122174122174,0.003533333333333333
2023-05-10,AAPL,173.02000427246094,174.02999877929688,171.89999389648438,173.55999755859375,0.02628558310376492,0.006727272727272727
2023-05-11,AAPL,173.85000610351562,174.58999633789062,172.1699981689453,173.75,0.08352272727272726,0.006363636363636364
2023-05-12,AAPL,173.6199951171875,174.05999755859375,171.0,172.57000732421875,0.07113636363636364,0.002
2023-05-15,AAPL,173.16000366210938,173.2100067138672,171.47000122070312,172.07000732421875,0.10376468769325913,0.0015714285714285713
2023-05-16,AAPL,171.99000549316406,173.13999938964844,171.8000030517578,172.07000732421875,-0.02148760330578511,0.0033636363636363634
2023-05-17,AAPL,171.7100067138672,172.92999267578125,170.4199981689453,172.69000244140625,0.019230769230769232,0.004538461538461538
2023-05-18,AAPL,173.0,175.24000549316406,172.5800018310547,175.0500030517578,0.1416883116883117,0.0
2023-05-19,AAPL,176.38999938964844,176.38999938964844,174.94000244140625,175.16000366210938,0.05449369471108601,0.0004347826086956522
2023-05-22,AAPL,173.97999572753906,174.7100067138672,173.4499969482422,174.1999969482422,0.05075757575757576,0.0014
2023-05-23,AAPL,173.1300048828125,173.3800048828125,171.27999877929688,171.55999755859375,0.022727272727272724,0.004833333333333333
2023-05-24,AAPL,171.08999633789062,172.4199981689453,170.52000427246094,171.83999633789062,0.027884615384615383,0.0026153846153846158
2023-05-25,AAPL,172.41000366210938,173.89999389648438,171.69000244140625,172.99000549316406,0.05529581529581531,0.0
2023-05-26,AAPL,173.32000732421875,175.77000427246094,173.11000061035156,175.42999267578125,0.20561224489795918,0.0031428571428571426
2023-05-30,AAPL,176.9600067138672,178.99000549316406,176.57000732421875,177.3000030517578,0.09527777777777778,0.0
2023-05-31,AAPL,177.3300018310547,179.35000610351562,176.75999450683594,177.25,-0.025606060606060608,0.0018
2023-06-01,AAPL,177.6999969482422,180.1199951171875,176.92999267578125,180.08999633789062,0.05216450216450217,0.00046666666666666666
2023-06-02,AAPL,181.02999877929688,181.77999877929688,179.25999450683594,180.9499969482422,0.02598484848484849,0.0011333333333333334
2023-06-05,AAPL,182.6300048828125,184.9499969482422,178.0399932861328,179.5800018310547,0.16626503126503125,0.002
2023-06-06,AAPL,179.97000122070312,180.1199951171875,177.42999267578125,179.2100067138672,0.09256208469171431,0.0024814814814814816
2023-06-07,AAPL,178.44000244140625,181.2100067138672,177.32000732421875,177.82000732421875,0.052126022126022124,0.003033333333333333
2023-06-08,AAPL,177.89999389648438,180.83999633789062,177.4600067138672,180.57000732421875,0.03942307692307691,0.0005384615384615384
2023-06-09,AAPL,181.5,182.22999572753906,180.6300048828125,180.9600067138672,0.03402203856749311,0.0
2023-06-12,AAPL,181.27000427246094,183.88999938964844,180.97000122070312,183.7899932861328,0.10912963670316611,0.004058823529411765
2023-06-13,AAPL,182.8000030517578,184.14999389648438,182.44000244140625,183.30999755859375,0.028636363636363637,0.0021000000000000003
2023-06-14,AAPL,183.3699951171875,184.38999938964844,182.02000427246094,183.9499969482422,0.04505494505494505,0.003923076923076923
2023-06-15,AAPL,183.9600067138672,186.52000427246094,183.77999877929688,186.00999450683594,0.09199041699041698,0.0022307692307692306
2023-06-16,AAPL,186.72999572753906,186.99000549316406,184.27000427246094,184.9199981689453,0.10444444444444445,0.0039
2023-06-20,AAPL,184.41000366210938,186.10000610351562,184.41000366210938,185.00999450683594,0.17904040404040403,0.0034444444444444444
2023-06-21,AAPL,184.89999389648438,185.41000366210938,182.58999633789062,183.9600067138672,-0.0303921568627451,0.0033529411764705885
2023-06-22,AAPL,183.74000549316406,187.0500030517578,183.6699981689453,187.0,0.06363254392666157,0.002588235294117647
2023-06-23,AAPL,185.5500030517578,187.55999755859375,185.00999450683594,186.67999267578125,0.16007996632996635,0.0005555555555555556
2023-06-26,AAPL,186.8300018310547,188.0500030517578,185.22999572753906,185.27000427246094,0.08703703703703704,0.0016666666666666666
2023-06-27,AAPL,185.88999938964844,188.38999938964844,185.6699981689453,188.05999755859375,-0.0375,0.0025
2023-06-28,AAPL,187.92999267578125,189.89999389648438,187.60000610351562,189.25,-0.0019345238095238066,0.0015
2023-06-29,AAPL,189.0800018310547,190.07000732421875,188.94000244140625,189.58999633789062,0.015384615384615385,0.0037692307692307695
2023-06-30,AAPL,191.6300048828125,194.47999572753906,191.25999450683594,193.97000122070312,0.03675645342312009,0.0024444444444444444
2023-07-03,AAPL,193.77999877929688,193.8800048828125,191.75999450683594,192.4600067138672,0.13425324675324676,0.0011666666666666668
2023-07-05,AAPL,191.57000732421875,192.97999572753906,190.6199951171875,191.3300018310547,0.07840909090909091,0.0006363636363636364
2023-07-06,AAPL,189.83999633789062,192.02000427246094,189.1999969482422,191.80999755859375,0.016666666666666666,0.0025
2023-07-07,AAPL,191.41000366210938,192.6699981689453,190.24000549316406,190.67999267578125,0.13428030303030303,0.0018333333333333333
2023-07-10,AAPL,189.25999450683594,189.99000549316406,187.0399932861328,188.61000061035156,0.13026285583103767,0.0015454545454545456
2023-07-11,AAPL,189.16000366210938,189.3000030517578,186.60000610351562,188.0800018310547,0.12797979797979797,0.0034000000000000002
2023-07-12,AAPL,189.67999267578125,191.6999969482422,188.47000122070312,189.77000427246094,-0.07777777777777778,0.0
2023-07-13,AAPL,190.5,191.19000244140625,189.77999877929688,190.5399932861328,0.09693223443223443,0.0031538461538461538
2023-07-14,AAPL,190.22999572753906,191.17999267578125,189.6300048828125,190.69000244140625,0.03841783216783217,0.0005384615384615384
2023-07-17,AAPL,191.89999389648438,194.32000732421875,191.80999755859375,193.99000549316406,0.1078656462585034,0.005857142857142858
2023-07-18,AAPL,193.35000610351562,194.3300018310547,192.4199981689453,193.72999572753906,0.04160353535353535,0.0030454545454545456
2023-07-19,AAPL,193.10000610351562,198.22999572753906,192.64999389648438,195.10000610351562,0.1316488413547237,0.0017058823529411764
2023-07-20,AAPL,195.08999633789062,196.47000122070312,192.5,193.1300048828125,0.06442307692307693,0.0005384615384615384
2023-07-21,AAPL,194.10000610351562,194.97000122070312,191.22999572753906,191.94000244140625,0.06721380471380471,0.002916666666666667
2023-07-24,AAPL,193.41000366210938,194.91000366210938,192.25,192.75,0.07435897435897434,0.004230769230769231
2023-07-25,AAPL,193.3300018310547,194.44000244140625,192.9199981689453,193.6199951171875,0.0570855614973262,0.0012352941176470588
2023-07-26,AAPL,193.6699981689453,195.63999938964844,193.32000732421875,194.5,0.004040404040404039,0.0013333333333333333
2023-07-27,AAPL,196.02000427246094,197.1999969482422,192.5500030517578,193.22000122070312,0.10466570466570466,0.003666666666666667
2023-07-28,AAPL,194.6699981689453,196.6300048828125,194.13999938964844,195.8300018310547,-0.08181818181818182,0.0
2023-07-31,AAPL,196.05999755859375,196.49000549316406,195.25999450683594,196.4499969482422,0.05715909090909091,0.0019375
2023-08-01,AAPL,196.24000549316406,196.72999572753906,195.27999877929688,195.61000061035156,0.04699600168350168,0.002125
2023-08-02,AAPL,195.0399932861328,195.17999267578125,191.85000610351562,192.5800018310547,0.09853219696969696,0.002125
2023-08-03,AAPL,191.57000732421875,192.3699951171875,190.69000244140625,191.1699981689453,0.09195804195804194,0.0007692307692307692
2023-08-04,AAPL,185.52000427246094,187.3800048828125,181.9199981689453,181.99000549316406,0.12932851239669424,0.00409090909090909
2023-08-07,AAPL,182.1300048828125,183.1300048828125,177.35000610351562,178.85000610351562,0.019834710743801654,0.005
2023-08-08,AAPL,179.69000244140625,180.27000427246094,177.5800018310547,179.8000030517578,0.04482323232323232,0.0
2023-08-09,AAPL,180.8699951171875,180.92999267578125,177.00999450683594,178.19000244140625,0.1470328282828283,0.0014166666666666668
2023-08-10,AAPL,179.47999572753906,180.75,177.60000610351562,177.97000122070312,0.010634920634920633,0.0
2023-08-11,AAPL,177.32000732421875,178.6199951171875,176.5500030517578,177.7899932861328,0.11354166666666667,0.00175
2023-08-14,AAPL,177.97000122070312,179.69000244140625,177.30999755859375,179.4600067138672,0.12471941638608304,0.013111111111111112
2023-08-15,AAPL,178.8800048828125,179.47999572753906,177.0500030517578,177.4499969482422,0.0,0.0048000000000000004
2023-08-16,AAPL,177.1300048828125,178.5399932861328,176.5,176.57000732421875,0.10454545454545455,0.005454545454545454
2023-08-17,AAPL,177.13999938964844,177.50999450683594,173.47999572753906,174.0,0.04090909090909091,0.002285714285714286
2023-08-18,AAPL,172.3000030517578,175.10000610351562,171.9600067138672,174.49000549316406,0.06037581699346406,0.0011764705882352942
2023-08-21,AAPL,175.07000732421875,176.1300048828125,173.74000549316406,175.83999633789062,0.06190476190476191,0.0014285714285714286
2023-08-22,AAPL,177.05999755859375,177.67999267578125,176.25,177.22999572753906,0.13333333333333333,0.0018461538461538461
2023-08-23,AAPL,178.52000427246094,181.5500030517578,178.3300018310547,181.1199951171875,0.1368181818181818,0.0021000000000000003
2023-08-24,AAPL,180.6699981689453,181.10000610351562,176.00999450683594,176.3800048828125,0.1458874458874459,0.0016666666666666668
2023-08-25,AAPL,177.3800048828125,179.14999389648438,175.82000732421875,178.61000061035156,0.12533670033670033,0.0007777777777777778
2023-08-28,AAPL,180.08999633789062,180.58999633789062,178.5500030517578,180.19000244140625,0.011020923520923518,0.003642857142857143
2023-08-29,AAPL,179.6999969482422,184.89999389648438,179.5,184.1199951171875,0.2525252525252525,0.005111111111111111
2023-08-30,AAPL,184.94000244140625,187.85000610351562,184.74000549316406,187.64999389648438,0.1142282196969697,0.0021875
2023-08-31,AAPL,187.83999633789062,189.1199951171875,187.47999572753906,187.8699951171875,0.041666666666666664,0.004166666666666667
2023-09-01,AAPL,189.49000549316406,189.9199981689453,188.27999877929688,189.4600067138672,0.06508387445887447,0.0024166666666666664
2023-09-05,AAPL,188.27999877929688,189.97999572753906,187.61000061035156,189.6999969482422,0.0541958041958042,0.0016153846153846155
2023-09-06,AAPL,188.39999389648438,188.85000610351562,181.47000122070312,182.91000366210938,-0.01501782531194295,0.002411764705882353
2023-09-07,AAPL,175.17999267578125,178.2100067138672,173.5399932861328,177.55999755859375,0.058844396344396345,0.004555555555555556
2023-09-08,AAPL,178.35000610351562,180.24000549316406,177.7899932861328,178.17999267578125,0.06856060606060607,0.008384615384615386
2023-09-11,AAPL,180.07000732421875,180.3000030517578,177.33999633789062,179.36000061035156,0.20865800865800868,0.004285714285714286
2023-09-12,AAPL,179.49000549316406,180.1300048828125,174.82000732421875,176.3000030517578,0.0670495275333985,0.004387096774193549
2023-09-13,AAPL,176.50999450683594,177.3000030517578,173.97999572753906,174.2100067138672,0.11598542826221399,0.005714285714285714
2023-09-14,AAPL,174.0,176.10000610351562,173.5800018310547,175.74000549316406,0.15491522366522364,0.005285714285714285
2023-09-15,AAPL,176.47999572753906,176.5,173.82000732421875,175.00999450683594,0.08837669853294854,0.005291666666666667
2023-09-18,AAPL,176.47999572753906,179.3800048828125,176.1699981689453,177.97000122070312,0.08290289256198347,0.004045454545454546
2023-09-19,AAPL,177.52000427246094,179.6300048828125,177.1300048828125,179.07000732421875,0.0977056277056277,0.008333333333333333
2023-09-20,AAPL,179.25999450683594,179.6999969482422,175.39999389648438,175.49000549316406,0.07107438016528925,0.003909090909090909
2023-09-21,AAPL,174.5500030517578,176.3000030517578,173.86000061035156,173.92999267578125,0.09659090909090909,0.007090909090909091
2023-09-22,AAPL,174.6699981689453,177.0800018310547,174.0500030517578,174.7899932861328,0.07230218855218856,0.006266666666666667
2023-09-25,AAPL,174.1999969482422,176.97000122070312,174.14999389648438,176.0800018310547,0.03333333333333333,0.002
2023-09-26,AAPL,174.82000732421875,175.1999969482422,171.66000366210938,171.9600067138672,-0.0075000000000000015,0.0032500000000000003
2023-09-27,AAPL,172.6199951171875,173.0399932861328,169.0500030517578,170.42999267578125,0.10174897119341564,0.0008333333333333333
2023-09-28,AAPL,169.33999633789062,172.02999877929688,167.6199951171875,170.69000244140625,0.07668793195108985,0.0035263157894736843
2023-09-29,AAPL,172.02000427246094,173.07000732421875,170.33999633789062,171.2100067138672,0.12722107438016528,0.0023636363636363633
2023-10-02,AAPL,171.22000122070312,174.3000030517578,170.92999267578125,173.75,0.2027249536178108,0.006357142857142857
2023-10-03,AAPL,172.25999450683594,173.6300048828125,170.82000732421875,172.39999389648438,-0.0798513986013986,0.0035384615384615385
2023-10-04,AAPL,171.08999633789062,174.2100067138672,170.97000122070312,173.66000366210938,0.08701298701298701,0.0025714285714285717
2023-10-05,AAPL,173.7899932861328,175.4499969482422,172.67999267578125,174.91000366210938,0.07596153846153847,0.0021538461538461538
2023-10-06,AAPL,173.8000030517578,177.99000549316406,173.17999267578125,177.49000549316406,0.10297979797979799,0.0028666666666666662
2023-10-09,AAPL,176.80999755859375,179.0500030517578,175.8000030517578,178.99000549316406,0.27749999999999997,0.0014
2023-10-10,AAPL,178.10000610351562,179.72000122070312,177.9499969482422,178.38999938964844,0.08339883800410115,0.001631578947368421
2023-10-11,AAPL,178.1999969482422,179.85000610351562,177.60000610351562,179.8000030517578,-0.11204545454545452,0.0024000000000000002
2023-10-12,AAPL,180.07000732421875,182.33999633789062,179.0399932861328,180.7100067138672,0.05416666666666667,0.00175
2023-10-13,AAPL,181.4199981689453,181.92999267578125,178.13999938964844,178.85000610351562,0.12615301365301365,0.0018461538461538461
2023-10-16,AAPL,176.75,179.0800018310547,176.50999450683594,178.72000122070312,0.07850307587149692,0.004684210526315789
2023-10-17,AAPL,176.64999389648438,178.4199981689453,174.8000030517578,177.14999389648438,-0.04861111111111111,0.004555555555555556
2023-10-18,AAPL,175.5800018310547,177.5800018310547,175.11000061035156,175.83999633789062,0.1313995215311005,0.0028947368421052633
2023-10-19,AAPL,176.0399932861328,177.83999633789062,175.19000244140625,175.4600067138672,0.01515151515151515,0.003
2023-10-20,AAPL,175.30999755859375,175.4199981689453,172.63999938964844,172.8800048828125,0.008522727272727272,0.0006363636363636364
2023-10-23,AAPL,170.91000366210938,174.00999450683594,169.92999267578125,173.0,0.09798951048951049,0.003923076923076923
2023-10-24,AAPL,173.0500030517578,173.6699981689453,171.4499969482422,173.44000244140625,-0.005034471701138348,0.003
2023-10-25,AAPL,171.8800048828125,173.05999755859375,170.64999389648438,171.10000610351562,0.12360080395794681,0.0017142857142857144
2023-10-26,AAPL,170.3699951171875,171.3800048828125,165.6699981689453,166.88999938964844,0.1467171717171717,0.0047777777777777775
2023-10-27,AAPL,166.91000366210938,168.9600067138672,166.8300018310547,168.22000122070312,0.05042929292929292,0.0027500000000000003
2023-10-30,AAPL,169.02000427246094,171.1699981689453,168.8699951171875,170.2899932861328,0.08567708333333333,0.009312500000000001
2023-10-31,AAPL,169.35000610351562,170.89999389648438,167.89999389648438,170.77000427246094,0.06614772727272727,0.00244
2023-11-01,AAPL,171.0,174.22999572753906,170.1199951171875,173.97000122070312,-0.019753086419753086,0.0025925925925925925
2023-11-02,AAPL,175.52000427246094,177.77999877929688,175.4600067138672,177.57000732421875,0.09676308539944904,0.004772727272727273
2023-11-03,AAPL,174.24000549316406,176.82000732421875,173.35000610351562,176.64999389648438,0.13936588103254768,0.008722222222222221
2023-11-06,AAPL,176.3800048828125,179.42999267578125,176.2100067138672,179.22999572753906,-0.013901515151515154,0.0068000000000000005
2023-11-07,AAPL,179.17999267578125,182.44000244140625,178.97000122070312,181.82000732421875,0.07007992007992009,0.008384615384615384
2023-11-08,AAPL,182.35000610351562,183.4499969482422,181.58999633789062,182.88999938964844,0.1093975468975469,0.004416666666666667
2023-11-09,AAPL,182.9600067138672,184.1199951171875,181.80999755859375,182.41000366210938,0.002424242424242425,0.0018
2023-11-10,AAPL,183.97000122070312,186.57000732421875,183.52999877929688,186.39999389648438,0.09385521885521886,0.004888888888888889
2023-11-13,AAPL,185.82000732421875,186.02999877929688,184.2100067138672,184.8000030517578,0.02102272727272727,0.0055
2023-11-14,AAPL,187.6999969482422,188.11000061035156,186.3000030517578,187.44000244140625,0.051666666666666666,0.0054666666666666665
2023-11-15,AAPL,187.85000610351562,189.5,187.77999877929688,188.00999450683594,0.027999999999999997,0.00228
2023-11-16,AAPL,189.57000732421875,190.9600067138672,188.64999389648438,189.7100067138672,0.22000000000000003,0.001
2023-11-17,AAPL,190.25,190.3800048828125,188.57000732421875,189.69000244140625,0.06907954545454545,0.0030499999999999998
2023-11-20,AAPL,189.88999938964844,191.91000366210938,189.8800048828125,191.4499969482422,0.07828282828282829,0.00041176470588235296
2023-11-21,AAPL,191.41000366210938,191.52000427246094,189.74000549316406,190.63999938964844,-0.010539215686274509,0.0021176470588235292
2023-11-22,AAPL,191.49000549316406,192.92999267578125,190.8300018310547,191.30999755859375,0.05558712121212121,0.0018124999999999999
2023-11-24,AAPL,190.8699951171875,190.89999389648438,189.25,189.97000122070312,0.08332936507936509,0.0006666666666666666
2023-11-27,AAPL,189.9199981689453,190.6699981689453,188.89999389648438,189.7899932861328,0.18204545454545454,0.0041
2023-11-28,AAPL,189.77999877929688,191.0800018310547,189.39999389648438,190.39999389648438,0.1436868686868687,0.0035555555555555557
2023-11-29,AAPL,190.89999389648438,192.08999633789062,188.97000122070312,189.3699951171875,0.16117424242424241,0.0010833333333333335
2023-11-30,AAPL,189.83999633789062,190.32000732421875,188.19000244140625,189.9499969482422,0.13762816131237185,0.0
2023-12-01,AAPL,190.3300018310547,191.55999755859375,189.22999572753906,191.24000549316406,0.2153030303030303,0.002266666666666667
2023-12-04,AAPL,189.97999572753906,190.0500030517578,187.4499969482422,189.42999267578125,0.08464912280701754,0.0029473684210526317
2023-12-05,AAPL,190.2100067138672,194.39999389648438,190.17999267578125,193.4199981689453,0.13909090909090907,0.0017333333333333335
2023-12-06,AAPL,194.4499969482422,194.75999450683594,192.11000061035156,192.32000732421875,0.06870791245791245,0.0030833333333333333
2023-12-07,AAPL,193.6300048828125,195.0,193.58999633789062,194.27000427246094,0.017207792207792196,0.002785714285714286
2023-12-08,AAPL,194.1999969482422,195.99000549316406,193.6699981689453,195.7100067138672,0.04962121212121212,0.0023333333333333335
2023-12-11,AAPL,193.11000061035156,193.49000549316406,191.4199981689453,193.17999267578125,0.07647801544860368,0.005058823529411765
2023-12-12,AAPL,193.0800018310547,194.72000122070312,191.72000122070312,194.7100067138672,0.0900501614787329,0.0027142857142857142
2023-12-13,AAPL,195.08999633789062,198.0,194.85000610351562,197.9600067138672,0.10264659582841401,0.0017272727272727272
2023-12-14,AAPL,198.02000427246094,199.6199951171875,196.16000366210938,198.11000061035156,0.06292613636363636,0.002916666666666667
2023-12-15,AAPL,197.52999877929688,198.39999389648438,197.0,197.57000732421875,0.02806565656565656,0.0007
2023-12-18,AAPL,196.08999633789062,196.6300048828125,194.38999938964844,195.88999938964844,0.07828733766233766,0.006166666666666667
2023-12-19,AAPL,196.16000366210938,196.9499969482422,195.88999938964844,196.94000244140625,-0.017708333333333333,0.00175
2023-12-20,AAPL,196.89999389648438,197.67999267578125,194.8300018310547,194.8300018310547,-0.023841354723707662,0.0037647058823529413
2023-12-21,AAPL,196.10000610351562,197.0800018310547,193.5,194.67999267578125,0.09068181818181817,0.00225
2023-12-22,AAPL,195.17999267578125,195.41000366210938,192.97000122070312,193.60000610351562,0.020148601398601397,0.002769230769230769
2023-12-26,AAPL,193.61000061035156,193.88999938964844,192.8300018310547,193.0500030517578,0.12468253968253967,0.0031904761904761906
2023-12-27,AAPL,192.49000549316406,193.5,191.08999633789062,193.14999389648438,0.05714285714285714,0.004785714285714286
2023-12-28,AAPL,194.13999938964844,194.66000366210938,193.1699981689453,193.5800018310547,0.07777777777777778,0.008
2023-12-29,AAPL,193.89999389648438,194.39999389648438,191.72999572753906,192.52999877929688,0.0643341307814992,0.006421052631578947
2024-01-02,AAPL,187.14999389648438,188.44000244140625,183.88999938964844,185.63999938964844,0.16556818181818184,0.0032
2024-01-03,AAPL,184.22000122070312,185.8800048828125,183.42999267578125,184.25,-0.019810606060606063,0.0054
2024-01-04,AAPL,182.14999389648438,183.08999633789062,180.8800048828125,181.91000366210938,0.07795760636669727,0.0032272727272727275
2024-01-05,AAPL,181.99000549316406,182.75999450683594,180.1699981689453,181.17999267578125,0.021325757575757574,0.00295
2024-01-08,AAPL,182.08999633789062,185.60000610351562,181.5,185.55999755859375,0.07587513061650993,0.0017586206896551726
2024-01-09,AAPL,183.9199981689453,185.14999389648438,182.72999572753906,185.13999938964844,0.013273491214667685,0.003882352941176471
2024-01-10,AAPL,184.35000610351562,186.39999389648438,183.9199981689453,186.19000244140625,0.05906862745098039,0.001411764705882353
2024-01-11,AAPL,186.5399932861328,187.0500030517578,183.6199951171875,185.58999633789062,0.31421277997364955,0.0024347826086956524
2024-01-12,AAPL,186.05999755859375,186.74000549316406,185.19000244140625,185.9199981689453,0.1564656744092228,0.0008709677419354839
2024-01-16,AAPL,182.16000366210938,184.25999450683594,180.92999267578125,183.6300048828125,0.1590544871794872,0.0031538461538461538
2024-01-17,AAPL,181.27000427246094,182.92999267578125,180.3000030517578,182.67999267578125,0.13627946127946128,0.0013333333333333333
2024-01-18,AAPL,186.08999633789062,189.13999938964844,185.8300018310547,188.6300048828125,0.19211621711621713,0.003461538461538461
2024-01-19,AAPL,189.3300018310547,191.9499969482422,188.82000732421875,191.55999755859375,0.21402116402116403,0.0014761904761904762
2024-01-22,AAPL,192.3000030517578,195.3300018310547,192.25999450683594,193.88999938964844,0.08984230055658629,0.004666666666666667
2024-01-23,AAPL,195.02000427246094,195.75,193.8300018310547,195.17999267578125,0.14666666666666667,0.0009333333333333333
2024-01-24,AAPL,195.4199981689453,196.3800048828125,194.33999633789062,194.5,0.12214452214452215,0.002423076923076923
2024-01-25,AAPL,195.22000122070312,196.27000427246094,193.11000061035156,194.1699981689453,0.2047670583384869,0.0020952380952380953
2024-01-26,AAPL,194.27000427246094,194.75999450683594,191.94000244140625,192.4199981689453,0.09108187134502925,0.0023684210526315787
2024-01-29,AAPL,192.00999450683594,192.1999969482422,189.5800018310547,191.72999572753906,0.1727435064935065,0.0032500000000000003
2024-01-30,AAPL,190.94000244140625,191.8000030517578,187.47000122070312,188.0399932861328,0.18428030303030304,0.0033333333333333335
2024-01-31,AAPL,187.0399932861328,187.10000610351562,184.35000610351562,184.39999389648438,0.2711489898989899,0.005545454545454546
2024-02-01,AAPL,183.99000549316406,186.9499969482422,183.82000732421875,186.86000061035156,0.08562801932367149,0.0037391304347826086
2024-02-02,AAPL,179.86000061035156,187.3300018310547,179.25,185.85000610351562,0.1482227446882619,0.005344827586206896
2024-02-05,AAPL,188.14999389648438,189.25,185.83999633789062,187.67999267578125,0.10018939393939394,0.0017000000000000001
2024-02-06,AAPL,186.86000061035156,189.30999755859375,186.77000427246094,189.3000030517578,0.16274242424242424,0.0026
2024-02-07,AAPL,190.63999938964844,191.0500030517578,188.61000061035156,189.41000366210938,0.3053913192071087,0.0012631578947368421
2024-02-08,AAPL,189.38999938964844,189.5399932861328,187.35000610351562,188.32000732421875,0.1623018648018648,0.0016153846153846155
2024-02-09,AAPL,188.64999389648438,189.99000549316406,188.0,188.85000610351562,0.1556547619047619,0.0019090909090909091
2024-02-12,AAPL,188.4199981689453,188.6699981689453,186.7899932861328,187.14999389648438,0.1459710743801653,0.0029090909090909093
2024-02-13,AAPL,185.77000427246094,186.2100067138672,183.50999450683594,185.0399932861328,0.20631556494651732,0.0023333333333333335
2024-02-14,AAPL,185.32000732421875,185.52999877929688,182.44000244140625,184.14999389648438,0.09589314194577354,0.001526315789473684
2024-02-15,AAPL,183.5500030517578,184.49000549316406,181.35000610351562,183.86000061035156,0.09068181818181818,0.0029333333333333334
2024-02-16,AAPL,183.4199981689453,184.85000610351562,181.6699981689453,182.30999755859375,0.05319444444444445,0.0020666666666666667
2024-02-20,AAPL,181.7899932861328,182.42999267578125,180.0,181.55999755859375,0.19834415584415585,0.003266666666666667
2024-02-21,AAPL,181.94000244140625,182.88999938964844,180.66000366210938,182.32000732421875,0.16338383838383838,0.001875
2024-02-22,AAPL,183.47999572753906,184.9600067138672,182.4600067138672,184.3699951171875,0.08215131222943725,0.00125
2024-02-23,AAPL,185.00999450683594,185.0399932861328,182.22999572753906,182.52000427246094,0.15769537480063794,0.003473684210526316
2024-02-26,AAPL,182.24000549316406,182.75999450683594,180.64999389648438,181.16000366210938,0.2711904761904762,0.0007
2024-02-27,AAPL,181.10000610351562,183.9199981689453,179.55999755859375,182.6300048828125,0.15578403078403077,0.0011666666666666668
2024-02-28,AAPL,182.50999450683594,183.1199951171875,180.1300048828125,181.4199981689453,0.1329411976911977,0.0033
2024-02-29,AAPL,181.27000427246094,182.57000732421875,179.52999877929688,180.75,0.08605098605098604,0.0035238095238095237
2024-03-01,AAPL,179.5500030517578,180.52999877929688,177.3800048828125,179.66000366210938,0.09602272727272727,0.0019375
2024-03-04,AAPL,176.14999389648438,176.89999389648438,173.7899932861328,175.10000610351562,0.15927775227017651,0.003727272727272727
2024-03-05,AAPL,170.75999450683594,172.0399932861328,169.6199951171875,170.1199951171875,0.09031221303948576,0.0012272727272727275
2024-03-06,AAPL,171.05999755859375,171.24000549316406,168.67999267578125,169.1199951171875,0.245933014354067,0.0028421052631578945
2024-03-07,AAPL,169.14999389648438,170.72999572753906,168.49000549316406,169.0,0.12495089786756454,0.003277777777777778
2024-03-08,AAPL,169.0,173.6999969482422,168.94000244140625,170.72999572753906,0.11860795454545454,0.0015
2024-03-11,AAPL,172.94000244140625,174.3800048828125,172.0500030517578,172.75,0.2032828282828283,0.004555555555555556
2024-03-12,AAPL,173.14999389648438,174.02999877929688,171.00999450683594,173.22999572753906,0.0011566558441558443,0.004666666666666667
2024-03-13,AAPL,172.77000427246094,173.19000244140625,170.75999450683594,171.1300048828125,0.13274147727272728,0.002375
2024-03-14,AAPL,172.91000366210938,174.30999755859375,172.0500030517578,173.0,0.15651913875598086,0.001631578947368421
2024-03-15,AAPL,171.1699981689453,172.6199951171875,170.2899932861328,172.6199951171875,0.026124338624338633,0.0030476190476190477
2024-03-18,AAPL,175.57000732421875,177.7100067138672,173.52000427246094,173.72000122070312,0.11217061923583663,0.0030434782608695656
2024-03-19,AAPL,174.33999633789062,176.61000061035156,173.02999877929688,176.0800018310547,0.21354166666666666,0.001875
2024-03-20,AAPL,175.72000122070312,178.6699981689453,175.08999633789062,178.6699981689453,0.19473484848484848,0.0044
2024-03-21,AAPL,177.0500030517578,177.49000549316406,170.83999633789062,171.3699951171875,0.09760592942411124,0.0014545454545454547
2024-03-22,AAPL,171.75999450683594,173.0500030517578,170.05999755859375,172.27999877929688,0.07648938363224078,0.002119047619047619
2024-03-25,AAPL,170.57000732421875,171.94000244140625,169.4499969482422,170.85000610351562,0.16174242424242424,0.005047619047619047
2024-03-26,AAPL,170.0,171.4199981689453,169.5800018310547,169.7100067138672,0.09647768002606713,0.003709677419354839
2024-03-27,AAPL,170.41000366210938,173.60000610351562,170.11000061035156,173.30999755859375,0.20215934858791998,0.003952380952380953
2024-03-28,AAPL,171.75,172.22999572753906,170.50999450683594,171.47999572753906,0.18605248917748918,0.0031
2024-04-01,AAPL,171.19000244140625,171.25,169.47999572753906,170.02999877929688,0.060416666666666674,0.0035
2024-04-02,AAPL,169.0800018310547,169.33999633789062,168.22999572753906,168.83999633789062,0.14545454545454545,0.0074285714285714285
2024-04-03,AAPL,168.7899932861328,170.67999267578125,168.5800018310547,169.64999389648438,0.15340909090909088,0.002
2024-04-04,AAPL,170.2899932861328,171.9199981689453,168.82000732421875,168.82000732421875,0.15584415584415584,0.000875
2024-04-05,AAPL,169.58999633789062,170.38999938964844,168.9499969482422,169.5800018310547,0.11445297127115307,0.0026363636363636363
2024-04-08,AAPL,169.02999877929688,169.1999969482422,168.24000549316406,168.4499969482422,0.07490981240981241,0.004
2024-04-09,AAPL,168.6999969482422,170.0800018310547,168.35000610351562,169.6699981689453,0.045454545454545456,0.003181818181818182
2024-04-10,AAPL,168.8000030517578,169.08999633789062,167.11000061035156,167.77999877929688,0.3130681818181818,0.002625
2024-04-11,AAPL,168.33999633789062,175.4600067138672,168.16000366210938,175.0399932861328,0.05848484848484849,0.0048000000000000004
2024-04-12,AAPL,174.25999450683594,178.36000061035156,174.2100067138672,176.5500030517578,0.05520833333333333,0.0031666666666666666
2024-04-15,AAPL,175.36000061035156,176.6300048828125,172.5,172.69000244140625,0.057692307692307696,0.005307692307692308
2024-04-16,AAPL,171.75,173.75999450683594,168.27000427246094,169.3800048828125,0.12803030303030302,0.0034545454545454545
2024-04-17,AAPL,169.61000061035156,170.64999389648438,168.0,168.0,0.16496212121212123,0.002625
2024-04-18,AAPL,168.02999877929688,168.63999938964844,166.5500030517578,167.0399932861328,-0.010714285714285716,0.003
2024-04-19,AAPL,166.2100067138672,166.39999389648438,164.0800018310547,165.0,0.0,0.0035
2024-04-22,AAPL,165.52000427246094,167.25999450683594,164.77000427246094,165.83999633789062,0.060606060606060615,0.0038181818181818182
2024-04-23,AAPL,165.35000610351562,167.0500030517578,164.9199981689453,166.89999389648438,0.018858225108225116,0.004230769230769231
2024-04-24,AAPL,166.5399932861328,169.3000030517578,166.2100067138672,169.02000427246094,0.0028409090909090884,0.00675
2024-04-25,AAPL,169.52999877929688,170.61000061035156,168.14999389648438,169.88999938964844,0.057449494949494945,0.002
2024-04-26,AAPL,169.8800048828125,171.33999633789062,169.17999267578125,169.3000030517578,-0.02484848484848485,0.0048000000000000004
2024-04-29,AAPL,173.3699951171875,176.02999877929688,173.10000610351562,173.5,0.07083333333333333,0.0031111111111111114
2024-04-30,AAPL,173.3300018310547,174.99000549316406,170.0,170.3300018310547,-0.07222222222222223,0.005333333333333333
2024-05-01,AAPL,169.5800018310547,172.7100067138672,169.11000061035156,169.3000030517578,0.16186868686868686,0.002916666666666667
