days_since_start,date,subjectivity,sentiment_score,relevance_score,Open,High,Low,Close,Adj Close,Volume
0,2022-01-03,0.13153679653679654,0.0761038961038961,0.002,177.8300018310547,182.8800048828125,177.7100067138672,182.00999450683597,179.72454833984375,104487900
1,2022-01-04,0.2493555686737505,0.1307998819362456,0.002045454545454545,182.6300048828125,182.94000244140625,179.1199951171875,179.6999969482422,177.44357299804688,99310400
2,2022-01-05,0.31666666666666665,0.19444444444444445,0.0026666666666666666,179.61000061035156,180.1699981689453,174.63999938964844,174.9199981689453,172.7235870361328,94537600
3,2022-01-06,0.19999999999999998,0.23333333333333336,0.0045,172.6999969482422,175.3000030517578,171.63999938964844,172.0,169.8402557373047,96904000
4,2022-01-07,0.2863636363636364,0.19090909090909092,0.0014,172.88999938964844,174.13999938964844,171.02999877929688,172.1699981689453,170.00811767578125,86709100
7,2022-01-10,0.2544871794871795,0.2403846153846154,0.0033076923076923075,169.0800018310547,172.5,168.1699981689453,172.19000244140625,170.0278778076172,106765600
8,2022-01-11,0.044444444444444446,0.011111111111111112,0.0007777777777777778,172.32000732421875,175.17999267578125,170.82000732421875,175.0800018310547,172.881591796875,76138300
9,2022-01-12,0.28802083333333334,-0.12274305555555555,0.000875,176.1199951171875,177.17999267578125,174.82000732421875,175.52999877929688,173.325927734375,74805200
10,2022-01-13,0.0,0.0,0.001,175.77999877929688,176.6199951171875,171.7899932861328,172.19000244140625,170.0278778076172,84505800
11,2022-01-14,0.13656462585034015,-0.07244897959183673,0.0,171.33999633789062,173.77999877929688,171.08999633789062,173.07000732421875,170.89682006835938,80440800
15,2022-01-18,0.2097718253968254,0.06321924603174603,0.005125,171.50999450683594,172.5399932861328,169.41000366210938,169.8000030517578,167.66787719726562,90956700
16,2022-01-19,0.10724288337924702,0.054407713498622584,0.004727272727272727,170.0,171.0800018310547,165.94000244140625,166.22999572753906,164.14268493652344,94815000
17,2022-01-20,0.24444444444444446,-0.1,0.003333333333333333,166.97999572753906,169.67999267578125,164.17999267578125,164.50999450683594,162.44427490234375,91420500
18,2022-01-21,0.25696969696969696,0.28909090909090907,0.0048000000000000004,164.4199981689453,166.3300018310547,162.3000030517578,162.41000366210938,160.3706817626953,122848900
21,2022-01-24,0.07500000000000001,0.05277777777777778,0.0030000000000000005,160.02000427246094,162.3000030517578,154.6999969482422,161.6199951171875,159.590576171875,162294600
22,2022-01-25,0.15606060606060607,0.07626262626262627,0.0026666666666666666,158.97999572753906,162.75999450683594,157.02000427246094,159.77999877929688,157.77369689941406,115798400
23,2022-01-26,0.2111111111111111,0.09166666666666667,0.0,163.5,164.38999938964844,157.82000732421875,159.69000244140625,157.68479919433594,108275300
24,2022-01-27,0.29009324009324006,0.07459207459207459,0.0018461538461538461,162.4499969482422,163.83999633789062,158.27999877929688,159.22000122070312,157.2207489013672,121954600
25,2022-01-28,0.1812878787878788,0.05696969696969697,0.0059,165.7100067138672,170.35000610351562,162.8000030517578,170.3300018310547,168.1912384033203,179935700
28,2022-01-31,0.38020833333333337,0.10520833333333333,0.00175,170.16000366210938,175.0,169.50999450683594,174.77999877929688,172.5853271484375,115541600
29,2022-02-01,0.0,0.0,0.0,174.00999450683594,174.83999633789062,172.30999755859375,174.61000061035156,172.41748046875,86213900
30,2022-02-02,0.25826446280991733,0.1009641873278237,0.004909090909090909,174.75,175.8800048828125,173.3300018310547,175.83999633789062,173.63204956054688,84914300
31,2022-02-03,0.016049382716049384,-0.0018518518518518515,0.0035555555555555557,174.47999572753906,176.24000549316406,172.1199951171875,172.89999389648438,170.72894287109375,89418100
32,2022-02-04,0.13196969696969696,-0.009242424242424245,0.0020666666666666667,171.67999267578125,174.10000610351562,170.67999267578125,172.38999938964844,170.44224548339844,82465400
35,2022-02-07,0.3333333333333333,0.19285714285714287,0.003428571428571429,172.86000061035156,173.9499969482422,170.9499969482422,171.66000366210938,169.7205047607422,77251200
36,2022-02-08,0.3181818181818182,0.21212121212121213,0.005,171.72999572753906,175.35000610351562,171.42999267578125,174.8300018310547,172.8546905517578,74829200
37,2022-02-09,0.37519640852974184,0.3058922558922559,0.0026666666666666666,176.0500030517578,176.64999389648438,174.89999389648438,176.27999877929688,174.28829956054688,71285000
38,2022-02-10,0.1709090909090909,-0.052727272727272734,0.0028,174.13999938964844,175.47999572753906,171.5500030517578,172.1199951171875,170.17529296875,90865900
39,2022-02-11,0.21856060606060607,0.052651515151515144,0.00675,172.3300018310547,173.0800018310547,168.0399932861328,168.63999938964844,166.73460388183594,98670700
42,2022-02-14,0.24452690166975882,0.14499072356215215,0.0,167.3699951171875,169.5800018310547,166.55999755859375,168.8800048828125,166.97189331054688,86185500
43,2022-02-15,0.17575757575757578,0.10606060606060606,0.0023333333333333335,170.97000122070312,172.9499969482422,170.25,172.7899932861328,170.8376922607422,62527400
44,2022-02-16,0.25595238095238093,0.047619047619047616,0.0,171.85000610351562,173.33999633789062,170.0500030517578,172.5500030517578,170.6004180908203,61177400
45,2022-02-17,0.1798076923076923,0.1326923076923077,0.004076923076923077,171.02999877929688,171.91000366210938,168.47000122070312,168.8800048828125,166.97189331054688,69589300
46,2022-02-18,0.31287878787878787,0.08409090909090909,0.003272727272727273,169.82000732421875,170.5399932861328,166.19000244140625,167.3000030517578,165.40972900390625,82772700
50,2022-02-22,0.16458333333333333,0.07708333333333332,0.004,164.97999572753906,166.69000244140625,162.14999389648438,164.32000732421875,162.4634246826172,91162800
51,2022-02-23,0.15555555555555556,0.1111111111111111,0.002111111111111111,165.5399932861328,166.14999389648438,159.75,160.07000732421875,158.26144409179688,90009200
52,2022-02-24,0.19733044733044733,-0.0284992784992785,0.0,152.5800018310547,162.85000610351562,152.0,162.74000549316406,160.90126037597656,141147500
53,2022-02-25,0.30310760667903525,0.05819418676561534,0.002428571428571429,163.83999633789062,165.1199951171875,160.8699951171875,164.85000610351562,162.9874267578125,91974200
56,2022-02-28,0.09027777777777778,0.023611111111111114,0.004533333333333334,163.05999755859375,165.4199981689453,162.42999267578125,165.1199951171875,163.25437927246094,95056600
57,2022-03-01,0.29213786213786214,0.016965534465534463,0.0005384615384615384,164.6999969482422,166.60000610351562,161.97000122070312,163.1999969482422,161.35606384277344,83474400
58,2022-03-02,0.207,0.13266666666666665,0.0018,164.38999938964844,167.36000061035156,162.9499969482422,166.55999755859375,164.6781005859375,79724800
59,2022-03-03,0.12184085755514328,0.09027391259534118,0.0010476190476190477,168.47000122070312,168.91000366210938,165.5500030517578,166.22999572753906,164.35182189941406,76678400
60,2022-03-04,0.3796258034894398,0.13115625956535049,0.004545454545454546,164.49000549316406,165.5500030517578,162.10000610351562,163.1699981689453,161.32640075683594,83737200
63,2022-03-07,0.3043939393939394,0.14431818181818182,0.0049,163.36000061035156,165.02000427246094,159.0399932861328,159.3000030517578,157.5001220703125,96418800
64,2022-03-08,0.37424242424242427,0.046602746212121224,0.0036249999999999998,158.82000732421875,162.8800048828125,155.8000030517578,157.44000244140625,155.66116333007812,131148300
65,2022-03-09,0.28698347107438016,0.13298898071625345,0.006727272727272727,161.47999572753906,163.41000366210938,159.41000366210938,162.9499969482422,161.10888671875,91454900
66,2022-03-10,0.3496212121212121,0.04780303030303032,0.0028,160.1999969482422,160.38999938964844,155.97999572753906,158.52000427246094,156.72894287109375,105342000
67,2022-03-11,0.30828282828282827,0.09065656565656566,0.0009333333333333333,158.92999267578125,159.27999877929688,154.5,154.72999572753906,152.9817657470703,96970100
70,2022-03-14,0.3347513597513597,0.22544677544677544,0.009153846153846155,151.4499969482422,154.1199951171875,150.10000610351562,150.6199951171875,148.91818237304688,108732100
71,2022-03-15,0.2716161616161616,0.07181818181818182,0.003888888888888889,150.89999389648438,155.57000732421875,150.3800048828125,155.08999633789062,153.33770751953125,92964300
72,2022-03-16,0.1456876456876457,0.0937062937062937,0.0037692307692307695,157.0500030517578,160.0,154.4600067138672,159.58999633789062,157.78684997558594,102300200
73,2022-03-17,0.18636363636363637,0.10202020202020201,0.001888888888888889,158.61000061035156,161.0,157.6300048828125,160.6199951171875,158.80520629882812,75615400
74,2022-03-18,0.3804166666666667,0.21125,0.0014,160.50999450683594,164.47999572753906,159.75999450683594,163.97999572753906,162.1272430419922,123511700
77,2022-03-21,0.24102564102564103,0.12692307692307692,0.0013076923076923079,163.50999450683594,166.35000610351562,163.00999450683594,165.3800048828125,163.51144409179688,95811400
78,2022-03-22,0.27489898989898987,0.12585858585858584,0.0017000000000000001,165.50999450683594,169.4199981689453,164.91000366210938,168.82000732421875,166.91256713867188,81532000
79,2022-03-23,0.37841372912801485,0.0883812615955473,0.004714285714285714,167.99000549316406,172.63999938964844,167.64999389648438,170.2100067138672,168.28688049316406,98062700
80,2022-03-24,0.19166666666666665,0.09930555555555555,0.0033333333333333335,171.05999755859375,174.13999938964844,170.2100067138672,174.07000732421875,172.10328674316406,90131400
81,2022-03-25,0.2797348484848485,0.07485795454545455,0.0071875,173.8800048828125,175.27999877929688,172.75,174.72000122070312,172.7458953857422,80546200
84,2022-03-28,0.16415004748338083,0.11018518518518519,0.005388888888888889,172.1699981689453,175.72999572753906,172.0,175.60000610351562,173.615966796875,90371900
85,2022-03-29,0.24675324675324675,0.12462121212121212,0.001,176.69000244140625,179.00999450683594,176.33999633789062,178.9600067138672,176.93800354003906,100589400
86,2022-03-30,0.21268939393939393,0.02859848484848485,0.003583333333333333,178.5500030517578,179.61000061035156,176.6999969482422,177.77000427246094,175.761474609375,92633200
87,2022-03-31,0.3277777777777778,0.22916666666666666,0.0005833333333333334,177.83999633789062,178.02999877929688,174.39999389648438,174.61000061035156,172.63714599609375,103049300
88,2022-04-01,0.3473535353535354,0.13505050505050503,0.0021333333333333334,174.02999877929688,174.8800048828125,171.94000244140625,174.30999755859375,172.34054565429688,78751300
91,2022-04-04,0.391986531986532,0.22737373737373737,0.0023333333333333335,174.57000732421875,178.49000549316406,174.44000244140625,178.44000244140625,176.4238739013672,76468400
92,2022-04-05,0.3288510101010101,0.15164141414141413,0.0029444444444444444,177.5,178.3000030517578,174.4199981689453,175.05999755859375,173.0820770263672,73401800
93,2022-04-06,0.27584498834498833,0.09297785547785548,0.0035384615384615385,172.36000061035156,173.6300048828125,170.1300048828125,171.8300018310547,169.8885498046875,89058800
94,2022-04-07,0.35673400673400674,0.2297979797979798,0.0015555555555555557,171.16000366210938,173.36000061035156,169.85000610351562,172.13999938964844,170.19505310058594,77594700
95,2022-04-08,0.2383838383838384,0.023737373737373738,0.0006363636363636364,171.77999877929688,171.77999877929688,169.1999969482422,170.08999633789062,168.16822814941406,76575500
98,2022-04-11,0.18723776223776223,0.09020979020979022,0.004230769230769231,168.7100067138672,169.02999877929688,165.5,165.75,163.87725830078125,72246700
99,2022-04-12,0.290625,0.13125,0.0,168.02000427246094,169.8699951171875,166.63999938964844,167.66000366210938,165.76568603515625,79265200
100,2022-04-13,0.29256198347107437,0.09504132231404959,0.0029090909090909093,167.38999938964844,171.0399932861328,166.77000427246094,170.39999389648438,168.47471618652344,70618900
101,2022-04-14,0.30488478535353536,0.16789772727272728,0.0020625,170.6199951171875,171.27000427246094,165.0399932861328,165.2899932861328,163.4224395751953,75329400
105,2022-04-18,0.2818662818662819,0.1262926887926888,0.003666666666666667,163.9199981689453,166.60000610351562,163.57000732421875,165.07000732421875,163.20494079589844,69023900
106,2022-04-19,0.2819602272727273,0.08901515151515152,0.002875,165.02000427246094,167.82000732421875,163.91000366210938,167.39999389648438,165.50860595703125,67723800
107,2022-04-20,0.29668109668109666,0.07344877344877344,0.004166666666666667,168.75999450683594,168.8800048828125,166.10000610351562,167.22999572753906,165.3405303955078,67929800
108,2022-04-21,0.3274250440917108,0.0865079365079365,0.004888888888888889,168.91000366210938,171.52999877929688,165.91000366210938,166.4199981689453,164.5396728515625,87227800
109,2022-04-22,0.27341269841269844,0.040873015873015874,0.0025714285714285717,166.4600067138672,167.8699951171875,161.5,161.7899932861328,159.96200561523438,84882400
112,2022-04-25,0.2243722943722944,0.10831168831168832,0.0005,161.1199951171875,163.1699981689453,158.4600067138672,162.8800048828125,161.03968811035156,96046400
113,2022-04-26,0.3210493827160494,0.1252469135802469,0.0,162.25,162.33999633789062,156.72000122070312,156.8000030517578,155.02838134765625,95623200
114,2022-04-27,0.2840097402597403,0.0450487012987013,0.002,155.91000366210938,159.7899932861328,155.3800048828125,156.57000732421875,154.80099487304688,88063200
115,2022-04-28,0.224537037037037,0.14120370370370372,0.0011111111111111111,159.25,164.52000427246094,158.92999267578125,163.63999938964844,161.79110717773438,130216800
116,2022-04-29,0.24646464646464647,0.01565656565656565,0.005545454545454545,161.83999633789062,166.1999969482422,157.25,157.64999389648438,155.8687744140625,131747600
119,2022-05-02,0.15826118326118327,0.05983946608946608,0.00488888888888889,156.7100067138672,158.22999572753906,153.27000427246094,157.9600067138672,156.17527770996094,123055300
120,2022-05-03,0.28383838383838383,0.117003367003367,0.003888888888888889,158.14999389648438,160.7100067138672,156.32000732421875,159.47999572753906,157.67811584472656,88966500
121,2022-05-04,0.27054473304473303,0.11634199134199134,0.0029047619047619048,159.6699981689453,166.47999572753906,159.25999450683594,166.02000427246094,164.14418029785156,108256500
122,2022-05-05,0.2529761904761905,0.04107142857142858,0.002285714285714286,163.85000610351562,164.0800018310547,154.9499969482422,156.77000427246094,154.99871826171875,130525300
123,2022-05-06,0.09722222222222222,0.04722222222222222,0.005083333333333333,156.00999450683594,159.44000244140625,154.17999267578125,157.27999877929688,155.73141479492188,116124600
126,2022-05-09,0.2734983766233766,0.077830762987013,0.004125,154.92999267578125,155.8300018310547,151.49000549316406,152.05999755859375,150.5628204345703,131577900
127,2022-05-10,0.3333333333333333,0.16527777777777777,0.00225,155.52000427246094,156.74000549316406,152.92999267578125,154.50999450683594,152.9886932373047,115366700
128,2022-05-11,0.23432400932400935,0.17202797202797201,0.003,153.5,155.4499969482422,145.80999755859375,146.5,145.05755615234375,142689800
129,2022-05-12,0.2841597796143251,0.1634297520661157,0.002,142.77000427246094,146.1999969482422,138.8000030517578,142.55999755859375,141.1563720703125,182602000
130,2022-05-13,0.2,0.1,0.00175,144.58999633789062,148.10000610351562,143.11000061035156,147.11000061035156,145.6615753173828,113990900
133,2022-05-16,0.32727272727272727,0.028896103896103895,0.003,145.5500030517578,147.52000427246094,144.17999267578125,145.5399932861328,144.1070098876953,86643800
134,2022-05-17,0.3846256684491979,0.09171122994652406,0.0017058823529411764,148.86000061035156,149.77000427246094,146.67999267578125,149.24000549316406,147.77059936523438,78336300
135,2022-05-18,0.28496503496503495,0.09895104895104895,0.0026153846153846158,146.85000610351562,147.36000061035156,139.89999389648438,140.82000732421875,139.43350219726562,109742900
136,2022-05-19,0.2499005681818182,0.12154829545454546,0.00275,139.8800048828125,141.66000366210938,136.60000610351562,137.35000610351562,135.99766540527344,136095600
137,2022-05-20,0.42113997113997115,0.20284992784992786,0.0011111111111111111,139.08999633789062,140.6999969482422,132.61000061035156,137.58999633789062,136.2352752685547,137426100
140,2022-05-23,0.32252247752247754,0.09638861138861138,0.0018461538461538461,137.7899932861328,143.25999450683594,137.64999389648438,143.11000061035156,141.700927734375,117726300
141,2022-05-24,0.3661742424242424,0.17897727272727273,0.00275,140.80999755859375,141.97000122070312,137.3300018310547,140.36000061035156,138.97801208496094,104132700
142,2022-05-25,0.29967247664616087,0.03177830940988836,0.0034210526315789475,138.42999267578125,141.7899932861328,138.33999633789062,140.52000427246094,139.13645935058594,92482700
143,2022-05-26,0.22152777777777777,0.06736111111111111,0.0055000000000000005,137.38999938964844,144.33999633789062,137.13999938964844,143.77999877929688,142.36436462402344,90601500
144,2022-05-27,0.3526850649350649,0.11387337662337663,0.0007,145.38999938964844,149.67999267578125,145.25999450683594,149.63999938964844,148.16665649414062,90978500
148,2022-05-31,0.15707070707070708,0.04872251931075461,0.003,149.07000732421875,150.66000366210938,146.83999633789062,148.83999633789062,147.37452697753906,103718400
149,2022-06-01,0.29545454545454547,0.07863636363636363,0.0053,149.89999389648438,151.74000549316406,147.67999267578125,148.7100067138672,147.2458038330078,74286600
150,2022-06-02,0.30833333333333335,0.13636363636363638,0.0006363636363636364,147.8300018310547,151.27000427246094,146.86000061035156,151.2100067138672,149.72120666503906,72348100
151,2022-06-03,0.2521590909090909,0.09539772727272727,0.0046,146.89999389648438,147.97000122070312,144.4600067138672,145.3800048828125,143.9486083984375,88570300
154,2022-06-06,0.2532106782106782,0.06857864357864357,0.0045000000000000005,147.02999877929688,148.57000732421875,144.89999389648438,146.13999938964844,144.70111083984375,71598400
155,2022-06-07,0.31329781329781325,0.054169441669441674,0.003230769230769231,144.35000610351562,149.0,144.10000610351562,148.7100067138672,147.2458038330078,67808200
156,2022-06-08,0.27654545454545454,0.03186363636363636,0.00275,148.5800018310547,149.8699951171875,147.4600067138672,147.9600067138672,146.50320434570312,53950200
157,2022-06-09,0.19595959595959597,0.08712121212121211,0.0024444444444444444,147.0800018310547,147.9499969482422,142.52999877929688,142.63999938964844,141.235595703125,69473000
158,2022-06-10,0.31439963545226707,0.11394395078605606,0.0029473684210526317,140.27999877929688,140.75999450683594,137.05999755859375,137.1300048828125,135.7798309326172,91437900
161,2022-06-13,0.3632936507936508,0.1484126984126984,0.005833333333333334,132.8699951171875,135.1999969482422,131.44000244140625,131.8800048828125,130.58152770996094,122207100
162,2022-06-14,0.2554545454545455,0.14363636363636365,0.0014,133.1300048828125,133.88999938964844,131.47999572753906,132.75999450683594,131.45285034179688,84784300
163,2022-06-15,0.29551767676767676,0.023863636363636365,0.003833333333333334,134.2899932861328,137.33999633789062,132.16000366210938,135.42999267578125,134.09654235839844,91533000
164,2022-06-16,0.1534090909090909,0.021022727272727276,0.002125,132.0800018310547,132.38999938964844,129.0399932861328,130.05999755859375,128.77944946289062,108123900
165,2022-06-17,0.23333333333333334,0.071875,0.00275,130.07000732421875,133.0800018310547,129.80999755859375,131.55999755859375,130.26466369628906,134520300
169,2022-06-21,0.26733920841063696,0.03981910946196661,0.0018571428571428571,133.4199981689453,137.05999755859375,133.32000732421875,135.8699951171875,134.53224182128906,81000500
170,2022-06-22,0.27291280148423,0.03534322820037106,0.002142857142857143,134.7899932861328,137.75999450683594,133.91000366210938,135.35000610351562,134.01736450195312,73409200
171,2022-06-23,0.3450126262626263,0.1538510101010101,0.0021666666666666666,136.82000732421875,138.58999633789062,135.6300048828125,138.27000427246094,136.9086151123047,72433800
172,2022-06-24,0.20476190476190476,0.049999999999999996,0.0038571428571428576,139.89999389648438,141.91000366210938,139.77000427246094,141.66000366210938,140.26522827148438,89116800
175,2022-06-27,0.29986471861471864,0.08284632034632035,0.004,142.6999969482422,143.49000549316406,140.97000122070312,141.66000366210938,140.26522827148438,70207900
176,2022-06-28,0.3443181818181818,0.21704545454545454,0.00125,142.1300048828125,143.4199981689453,137.32000732421875,137.44000244140625,136.08676147460938,67083400
177,2022-06-29,0.24664502164502164,0.141017316017316,0.004142857142857143,137.4600067138672,140.6699981689453,136.6699981689453,139.22999572753906,137.85911560058594,66242400
178,2022-06-30,0.3136363636363636,0.046590909090909086,0.00175,137.25,138.3699951171875,133.77000427246094,136.72000122070312,135.37387084960938,98964500
179,2022-07-01,0.2441287878787879,0.1009469696969697,0.0024166666666666664,136.0399932861328,139.0399932861328,135.66000366210938,138.92999267578125,137.56210327148438,71051600
183,2022-07-05,0.375,0.1875,0.002625,137.77000427246094,141.61000061035156,136.92999267578125,141.55999755859375,140.1662139892578,73353800
184,2022-07-06,0.30243506493506495,0.15698051948051947,0.0031428571428571426,141.35000610351562,144.1199951171875,141.0800018310547,142.9199981689453,141.5128173828125,74064300
185,2022-07-07,0.38476190476190475,0.0963095238095238,0.0023333333333333335,143.2899932861328,146.5500030517578,143.27999877929688,146.35000610351562,144.90907287597656,66253700
186,2022-07-08,0.3789090909090909,0.13927272727272727,0.004399999999999999,145.25999450683594,147.5500030517578,145.0,147.0399932861328,145.5922393798828,64547800
189,2022-07-11,0.2958677685950413,0.17830578512396694,0.0066363636363636356,145.6699981689453,146.63999938964844,143.77999877929688,144.8699951171875,143.44361877441406,63141600
190,2022-07-12,0.27731481481481485,0.12361111111111112,0.0028333333333333335,145.75999450683594,148.4499969482422,145.0500030517578,145.86000061035156,144.42385864257812,77588800
191,2022-07-13,0.1627840909090909,0.03196022727272728,0.0015,142.99000549316406,146.4499969482422,142.1199951171875,145.49000549316406,144.05751037597656,71185600
192,2022-07-14,0.2849206349206349,0.1978174603174603,0.0027142857142857142,144.0800018310547,148.9499969482422,143.25,148.47000122070312,147.00816345214844,78140700
193,2022-07-15,0.3137310606060606,0.1452651515151515,0.00325,149.77999877929688,150.86000061035156,148.1999969482422,150.1699981689453,148.69143676757812,76259900
196,2022-07-18,0.18383838383838383,0.01515151515151515,0.0015555555555555557,150.74000549316406,151.57000732421875,146.6999969482422,147.07000732421875,145.62196350097656,81420900
197,2022-07-19,0.20782828282828283,0.03908459595959596,0.00225,147.9199981689453,151.22999572753906,146.91000366210938,151.0,149.5132598876953,82982400
198,2022-07-20,0.40247933884297526,-0.007438016528925617,0.0026363636363636363,151.1199951171875,153.72000122070312,150.3699951171875,153.0399932861328,151.53317260742188,64823400
199,2022-07-21,0.41565656565656567,0.11161616161616161,0.0005833333333333334,154.5,155.57000732421875,151.94000244140625,155.35000610351562,153.8204345703125,65086600
200,2022-07-22,0.3548430735930736,0.14902597402597403,0.0,155.38999938964844,156.27999877929688,153.41000366210938,154.08999633789062,152.5728302001953,66675400
203,2022-07-25,0.3380681818181818,0.04204545454545455,0.003875,154.00999450683594,155.0399932861328,152.27999877929688,152.9499969482422,151.44406127929688,53623900
204,2022-07-26,0.23966942148760328,0.047658402203856746,0.007454545454545455,152.25999450683594,153.08999633789062,150.8000030517578,151.60000610351562,150.1073455810547,55138700
205,2022-07-27,0.35,0.14907407407407408,0.0007777777777777778,152.5800018310547,157.3300018310547,152.16000366210938,156.7899932861328,155.24624633789062,78620700
206,2022-07-28,0.2132034632034632,0.00991612554112554,0.0037142857142857142,156.97999572753906,157.63999938964844,154.41000366210938,157.35000610351562,155.80075073242188,81378700
207,2022-07-29,0.20774621212121214,0.0571780303030303,0.005050000000000001,161.24000549316406,163.6300048828125,159.5,162.50999450683594,160.90992736816406,101786900
210,2022-08-01,0.20208333333333334,0.0006944444444444454,0.000875,161.00999450683594,163.58999633789062,160.88999938964844,161.50999450683594,159.9197998046875,67829400
211,2022-08-02,0.13236607142857143,0.04720982142857143,0.00375,160.10000610351562,162.41000366210938,159.6300048828125,160.00999450683594,158.43453979492188,59907000
212,2022-08-03,0.20757575757575755,0.1409090909090909,0.003,160.83999633789062,166.58999633789062,160.75,166.1300048828125,164.4943084716797,82507500
213,2022-08-04,0.2446717171717172,0.05654040404040404,0.0049,166.00999450683594,167.19000244140625,164.42999267578125,165.80999755859375,164.1774444580078,55474100
214,2022-08-05,0.2702991452991453,0.007264957264957265,0.005153846153846154,163.2100067138672,165.85000610351562,163.0,165.35000610351562,163.9493865966797,56697000
217,2022-08-08,0.322478354978355,0.07229707792207792,0.006916666666666667,166.3699951171875,167.80999755859375,164.1999969482422,164.8699951171875,163.47341918945312,60276900
218,2022-08-09,0.23421052631578948,0.18947368421052632,0.0,164.02000427246094,165.82000732421875,163.25,164.9199981689453,163.5230255126953,63135500
219,2022-08-10,0.2666982323232323,0.08809974747474747,0.004666666666666667,167.67999267578125,169.33999633789062,166.89999389648438,169.24000549316406,167.8064422607422,70170500
220,2022-08-11,0.16,0.08,0.0058000000000000005,170.05999755859375,170.99000549316406,168.19000244140625,168.49000549316406,167.06280517578125,57149200
221,2022-08-12,0.3701058201058201,0.20264550264550266,0.002111111111111111,169.82000732421875,172.1699981689453,169.39999389648438,172.10000610351562,170.64222717285156,68039400
224,2022-08-15,0.5,0.3333333333333333,0.008666666666666666,171.52000427246094,173.38999938964844,171.35000610351562,173.19000244140625,171.72296142578125,54091700
225,2022-08-16,0.3774621212121212,0.11136363636363637,0.00325,172.77999877929688,173.7100067138672,171.66000366210938,173.02999877929688,171.5643310546875,56377100
226,2022-08-17,0.11699346405228758,0.0261437908496732,0.004352941176470588,172.77000427246094,176.14999389648438,172.57000732421875,174.5500030517578,173.07147216796875,79542000
227,2022-08-18,0.30668449197860964,0.14024064171122994,0.002235294117647059,173.75,174.89999389648438,173.1199951171875,174.14999389648438,172.67483520507812,62290100
228,2022-08-19,0.2473856209150327,0.15343137254901962,0.004764705882352942,173.02999877929688,173.74000549316406,171.30999755859375,171.52000427246094,170.067138671875,70346300
231,2022-08-22,0.2620320855614973,0.04625668449197861,0.0019411764705882354,169.69000244140625,169.86000061035156,167.13999938964844,167.57000732421875,166.15057373046875,69026800
232,2022-08-23,0.17768595041322313,0.08512396694214876,0.0057272727272727275,167.0800018310547,168.7100067138672,166.64999389648438,167.22999572753906,165.81346130371094,54147100
233,2022-08-24,0.2724242424242424,0.1693939393939394,0.002266666666666667,167.32000732421875,168.11000061035156,166.25,167.52999877929688,166.11093139648438,53841500
234,2022-08-25,0.3187878787878788,0.0703030303030303,0.0033,168.77999877929688,170.13999938964844,168.35000610351562,170.02999877929688,168.58973693847656,51218200
235,2022-08-26,0.4670328282828283,0.19001262626262627,0.0055,170.57000732421875,171.0500030517578,163.55999755859375,163.6199951171875,162.23403930664062,78961000
238,2022-08-29,0.39375,0.006249999999999996,0.004666666666666666,161.14999389648438,162.89999389648438,159.82000732421875,161.3800048828125,160.0130157470703,73314000
239,2022-08-30,0.21576334776334777,0.08881096681096681,0.0077333333333333325,162.1300048828125,162.55999755859375,157.72000122070312,158.91000366210938,157.56394958496094,77906200
240,2022-08-31,0.3530885780885781,0.038461538461538464,0.007307692307692308,160.30999755859375,160.5800018310547,157.13999938964844,157.22000122070312,155.8882598876953,87991100
241,2022-09-01,0.25097890671420087,0.0706008615567439,0.005470588235294118,156.63999938964844,158.4199981689453,154.6699981689453,157.9600067138672,156.6219940185547,74229900
242,2022-09-02,0.39167697381983096,0.04061533704390848,0.007928571428571429,159.75,160.36000061035156,154.97000122070312,155.80999755859375,154.49020385742188,76957800
246,2022-09-06,0.3802759740259741,0.12297077922077923,0.011428571428571429,156.47000122070312,157.08999633789062,153.69000244140625,154.52999877929688,153.22103881835938,73714800
247,2022-09-07,0.38847566574839304,0.12211509029690848,0.013151515151515152,154.82000732421875,156.6699981689453,153.61000061035156,155.9600067138672,154.63893127441406,87449600
248,2022-09-08,0.33630952380952384,0.09833010556694767,0.01631578947368421,154.63999938964844,156.36000061035156,152.67999267578125,154.4600067138672,153.15164184570312,84923800
249,2022-09-09,0.2810754604872252,0.17393048128342248,0.012411764705882353,155.47000122070312,157.82000732421875,154.75,157.3699951171875,156.03697204589844,68028800
252,2022-09-12,0.2852272727272727,0.14446022727272728,0.00825,159.58999633789062,164.25999450683594,159.3000030517578,163.42999267578125,162.045654296875,104956000
253,2022-09-13,0.35025252525252526,0.1159090909090909,0.0019444444444444446,159.89999389648438,160.5399932861328,153.3699951171875,153.83999633789062,152.53688049316406,122656600
254,2022-09-14,0.290642217630854,0.0712551652892562,0.003863636363636364,154.7899932861328,157.10000610351562,153.61000061035156,155.30999755859375,153.9944305419922,87965400
255,2022-09-15,0.3146797839506173,0.17386188271604938,0.003416666666666667,154.64999389648438,155.24000549316406,151.3800048828125,152.3699951171875,151.079345703125,90481100
256,2022-09-16,0.2475171758066495,0.11576493681756839,0.0027368421052631577,151.2100067138672,151.35000610351562,148.3699951171875,150.6999969482422,149.42347717285156,162278800
259,2022-09-19,0.27449494949494946,0.13484848484848486,0.007333333333333333,149.30999755859375,154.55999755859375,149.10000610351562,154.47999572753906,153.17144775390625,81474200
260,2022-09-20,0.21637529137529138,0.11433566433566433,0.008076923076923077,153.39999389648438,158.0800018310547,153.0800018310547,156.89999389648438,155.5709686279297,107689800
261,2022-09-21,0.20984848484848487,0.10378787878787879,0.0058095238095238096,157.33999633789062,158.74000549316406,153.60000610351562,153.72000122070312,152.41790771484375,101696800
262,2022-09-22,0.44689199689199693,0.25452602952602954,0.0063846153846153835,152.3800048828125,154.47000122070312,150.91000366210938,152.74000549316406,151.44619750976562,86652500
263,2022-09-23,0.3321678321678322,0.18465034965034965,0.005,151.19000244140625,151.47000122070312,148.55999755859375,150.42999267578125,149.15577697753906,96029900
266,2022-09-26,0.2665088383838384,0.05707070707070707,0.003875,149.66000366210938,153.77000427246094,149.63999938964844,150.77000427246094,149.49288940429688,93339400
267,2022-09-27,0.29970238095238094,0.1744047619047619,0.0025714285714285717,152.74000549316406,154.72000122070312,149.9499969482422,151.75999450683594,150.4744873046875,84442700
268,2022-09-28,0.3101473922902494,0.11660997732426305,0.0029523809523809524,147.63999938964844,150.63999938964844,144.83999633789062,149.83999633789062,148.57078552246094,146691400
269,2022-09-29,0.3968531468531469,0.16713286713286715,0.0033076923076923075,146.10000610351562,146.72000122070312,140.67999267578125,142.47999572753906,141.27310180664062,128138200
270,2022-09-30,0.4488529014844804,0.09867960986382039,0.006263157894736842,141.27999877929688,143.10000610351562,138.0,138.1999969482422,137.02938842773438,124925300
273,2022-10-03,0.2315686274509804,0.055441176470588244,0.0059411764705882344,138.2100067138672,143.07000732421875,137.69000244140625,142.4499969482422,141.24334716796875,114311700
274,2022-10-04,0.2058213716108453,0.09920255183413078,0.004947368421052632,145.02999877929688,146.22000122070312,144.25999450683594,146.10000610351562,144.8624725341797,87830100
275,2022-10-05,0.10833333333333334,0.03333333333333333,0.002916666666666667,144.07000732421875,147.3800048828125,143.00999450683594,146.39999389648438,145.15989685058594,79471000
276,2022-10-06,0.1808823529411765,0.062254901960784315,0.004352941176470588,145.80999755859375,147.5399932861328,145.22000122070312,145.42999267578125,144.19808959960938,68402200
277,2022-10-07,0.32010791141225925,0.13803720434155214,0.007304347826086956,142.5399932861328,143.10000610351562,139.4499969482422,140.08999633789062,138.90335083007812,85925600
280,2022-10-10,0.1,0.08249999999999999,0.00605,140.4199981689453,141.88999938964844,138.57000732421875,140.4199981689453,139.23057556152344,74899000
281,2022-10-11,0.17994227994227996,0.059577922077922084,0.0036111111111111114,139.89999389648438,141.35000610351562,138.22000122070312,138.97999572753906,137.80274963378906,77033700
282,2022-10-12,0.1603409090909091,0.051477272727272726,0.00455,139.1300048828125,140.36000061035156,138.16000366210938,138.33999633789062,137.16818237304688,70433700
283,2022-10-13,0.2611201298701299,0.16112373737373736,0.0023,134.99000549316406,143.58999633789062,134.3699951171875,142.99000549316406,141.77879333496094,113224000
284,2022-10-14,0.20762032085561496,-0.009625668449197858,0.004352941176470588,144.30999755859375,144.52000427246094,138.19000244140625,138.3800048828125,137.2078399658203,88598000
287,2022-10-17,0.2066468253968254,0.0992063492063492,0.003875,141.07000732421875,142.89999389648438,140.27000427246094,142.41000366210938,141.20372009277344,85250900
288,2022-10-18,0.22994397095959596,0.06572364267676768,0.00390625,145.49000549316406,146.6999969482422,140.61000061035156,143.75,142.53236389160156,99136600
289,2022-10-19,0.2670875420875421,0.08128507295173962,0.006444444444444444,141.69000244140625,144.9499969482422,141.5,143.86000061035156,142.64141845703125,61758300
290,2022-10-20,0.3668082338536884,0.09974364860728496,0.007727272727272728,143.02000427246094,145.88999938964844,142.64999389648438,143.38999938964844,142.17539978027344,64522000
291,2022-10-21,0.17954545454545456,0.050852272727272725,0.005125,142.8699951171875,147.85000610351562,142.64999389648438,147.27000427246094,146.02255249023438,86548600
294,2022-10-24,0.371969696969697,0.22575757575757574,0.0023333333333333335,147.19000244140625,150.22999572753906,146.0,149.4499969482422,148.18406677246094,75981900
295,2022-10-25,0.3221283346283346,0.08771043771043771,0.003576923076923077,150.08999633789062,152.49000549316406,149.36000061035156,152.33999633789062,151.04957580566406,74732300
296,2022-10-26,0.23910533910533913,0.02077922077922078,0.003999999999999999,150.9600067138672,151.99000549316406,148.0399932861328,149.35000610351562,148.08493041992188,88194300
297,2022-10-27,0.2657375032375032,0.09513079513079513,0.004384615384615384,148.07000732421875,149.0500030517578,144.1300048828125,144.8000030517578,143.57347106933594,109180200
298,2022-10-28,0.2892029671717172,0.08721748737373737,0.007583333333333333,148.1999969482422,157.5,147.82000732421875,155.74000549316406,154.42080688476562,164762400
301,2022-10-31,0.25817923019009975,0.0498929512516469,0.00817391304347826,153.16000366210938,154.24000549316406,151.9199981689453,153.33999633789062,152.0410919189453,97943200
302,2022-11-01,0.25343915343915346,0.03306878306878307,0.0036666666666666666,155.0800018310547,155.4499969482422,149.1300048828125,150.64999389648438,149.3739013671875,80379300
303,2022-11-02,0.23513071895424836,0.08750742721330956,0.004588235294117647,148.9499969482422,152.1699981689453,145.0,145.02999877929688,143.801513671875,93604600
304,2022-11-03,0.15353535353535352,0.08131313131313132,0.0026363636363636363,142.05999755859375,142.8000030517578,138.75,138.8800048828125,137.70359802246094,97918500
305,2022-11-04,0.08728070175438597,0.06315789473684211,0.0012631578947368421,142.08999633789062,142.6699981689453,134.3800048828125,138.3800048828125,137.43545532226562,140814800
308,2022-11-07,0.14194163860830528,0.045656565656565666,0.003925925925925926,137.11000061035156,139.14999389648438,135.6699981689453,138.9199981689453,137.9717559814453,83374600
309,2022-11-08,0.21213369963369963,0.11684981684981685,0.002857142857142857,140.41000366210938,141.42999267578125,137.49000549316406,139.5,138.5478057861328,89908500
310,2022-11-09,0.25083333333333335,0.025000000000000012,0.0017000000000000001,138.5,138.5500030517578,134.58999633789062,134.8699951171875,133.94940185546875,74917800
311,2022-11-10,0.1610464248395283,0.11209882071951037,0.0033448275862068967,141.24000549316406,146.8699951171875,139.5,146.8699951171875,145.8675079345703,118854000
312,2022-11-11,0.22121212121212122,0.0384469696969697,0.004722222222222221,145.82000732421875,150.00999450683594,144.3699951171875,149.6999969482422,148.67819213867188,93979700
315,2022-11-14,0.3100840336134454,0.19061624649859943,0.00041176470588235296,148.97000122070312,150.27999877929688,147.42999267578125,148.27999877929688,147.2678680419922,73374100
316,2022-11-15,0.27066115702479343,0.09256198347107437,0.0019090909090909091,152.22000122070312,153.58999633789062,148.55999755859375,150.0399932861328,149.01585388183594,89868300
317,2022-11-16,0.4764568764568765,0.1622960372960373,0.0035384615384615385,149.1300048828125,149.8699951171875,147.2899932861328,148.7899932861328,147.77438354492188,64218300
318,2022-11-17,0.42681818181818176,0.21767045454545456,0.003,146.42999267578125,151.47999572753906,146.14999389648438,150.72000122070312,149.69122314453125,80389400
319,2022-11-18,0.23953823953823952,0.042135642135642144,0.005,152.30999755859375,152.6999969482422,149.97000122070312,151.2899932861328,150.25733947753906,74829600
322,2022-11-21,0.26964285714285713,0.13392857142857142,0.0064285714285714285,150.16000366210938,150.3699951171875,147.72000122070312,148.00999450683594,146.9997100830078,58724100
323,2022-11-22,0.16323529411764706,0.05821078431372549,0.0017058823529411764,148.1300048828125,150.4199981689453,146.92999267578125,150.17999267578125,149.15489196777344,51804100
324,2022-11-23,0.3610648148148148,-0.14689814814814817,0.0066,149.4499969482422,151.8300018310547,149.33999633789062,151.07000732421875,150.03884887695312,58301400
326,2022-11-25,0.2363636363636364,0.06983065953654188,0.002882352941176471,148.30999755859375,148.8800048828125,147.1199951171875,148.11000061035156,147.0990447998047,35195900
329,2022-11-28,0.2927169421487603,0.13756887052341596,0.004136363636363636,145.13999938964844,146.63999938964844,143.3800048828125,144.22000122070312,143.23561096191406,69246000
330,2022-11-29,0.2894111570247934,0.16888774104683196,0.004363636363636363,144.2899932861328,144.80999755859375,140.35000610351562,141.1699981689453,140.20640563964844,83763800
331,2022-11-30,0.2318870523415978,0.06595500459136823,0.00596969696969697,141.39999389648438,148.72000122070312,140.5500030517578,148.02999877929688,147.0195770263672,111380900
332,2022-12-01,0.22472342472342474,0.1215969215969216,0.003259259259259259,148.2100067138672,149.1300048828125,146.61000061035156,148.30999755859375,147.2976531982422,71250400
333,2022-12-02,0.25296345811051696,0.08375668449197861,0.003529411764705882,145.9600067138672,148.0,145.64999389648438,147.80999755859375,146.80108642578125,65447400
336,2022-12-05,0.3145657968574635,0.0926837822671156,0.004055555555555556,147.77000427246094,150.9199981689453,145.77000427246094,146.6300048828125,145.62916564941406,68826400
337,2022-12-06,0.3272328548644338,0.07422248803827752,0.006105263157894736,147.07000732421875,147.3000030517578,141.9199981689453,142.91000366210938,141.9345245361328,64727200
338,2022-12-07,0.28279220779220776,0.04527417027417028,0.0033333333333333335,142.19000244140625,143.3699951171875,140.0,140.94000244140625,139.9779815673828,69721100
339,2022-12-08,0.24561688311688312,0.14588744588744587,0.0022916666666666667,142.36000061035156,143.52000427246094,141.10000610351562,142.64999389648438,141.67630004882812,62128300
340,2022-12-09,0.19027777777777777,0.1464285714285714,0.002428571428571429,142.33999633789062,145.57000732421875,140.89999389648438,142.16000366210938,141.1896514892578,76097000
343,2022-12-12,0.4004901960784314,0.12352941176470589,0.0027058823529411765,142.6999969482422,144.5,141.05999755859375,144.49000549316406,143.5037384033203,70462700
344,2022-12-13,0.29983164983164984,0.05507680976430976,0.003666666666666667,149.5,149.97000122070312,144.24000549316406,145.47000122070312,144.47706604003906,93886200
345,2022-12-14,0.3684067234848485,0.1989464962121212,0.0044062500000000004,145.35000610351562,146.66000366210938,141.16000366210938,143.2100067138672,142.2324981689453,82291200
346,2022-12-15,0.2770851370851371,0.1946969696969697,0.0034000000000000002,141.11000061035156,141.8000030517578,136.02999877929688,136.5,135.5682830810547,98931900
347,2022-12-16,0.14009248327430146,0.07469008264462809,0.0019090909090909091,136.69000244140625,137.64999389648438,133.72999572753906,134.50999450683594,133.59185791015625,160156900
350,2022-12-19,0.29948232323232327,0.05571969696969696,0.0039,135.11000061035156,135.1999969482422,131.32000732421875,132.3699951171875,131.4664764404297,79592600
351,2022-12-20,0.26350267379679143,0.18865864527629234,0.0024705882352941176,131.38999938964844,133.25,129.88999938964844,132.3000030517578,131.39697265625,77432800
352,2022-12-21,0.20625000000000002,0.2125,0.00175,132.97999572753906,136.80999755859375,132.75,135.4499969482422,134.5254669189453,85928000
353,2022-12-22,0.24500000000000002,0.14250000000000002,0.0026000000000000003,134.35000610351562,134.55999755859375,130.3000030517578,132.22999572753906,131.32742309570312,77852100
354,2022-12-23,0.16818181818181818,0.10974025974025974,0.002428571428571429,130.9199981689453,132.4199981689453,129.63999938964844,131.86000061035156,130.95994567871094,63814900
358,2022-12-27,0.20962962962962964,0.020694444444444442,0.006444444444444444,131.3800048828125,131.41000366210938,128.72000122070312,130.02999877929688,129.14244079589844,69007800
359,2022-12-28,0.24890309343434341,0.12490530303030303,0.004687500000000001,129.6699981689453,131.02999877929688,125.87000274658205,126.04000091552734,125.17967987060548,85438400
360,2022-12-29,0.2503607503607504,0.027374939874939875,0.005571428571428572,127.98999786376952,130.47999572753906,127.7300033569336,129.61000061035156,128.72531127929688,75703700
361,2022-12-30,0.29259259259259257,0.1444444444444445,0.004555555555555556,128.41000366210938,129.9499969482422,127.43000030517578,129.92999267578125,129.04312133789062,77034200
365,2023-01-03,0.1873015873015873,0.12698412698412698,0.006761904761904762,130.27999877929688,130.89999389648438,124.16999816894533,125.06999969482422,124.21630096435548,112117500
366,2023-01-04,0.20907687991021326,0.06026936026936028,0.0038333333333333336,126.88999938964844,128.66000366210938,125.08000183105467,126.36000061035156,125.49749755859376,89113600
367,2023-01-05,0.2375,0.1125,0.003375,127.12999725341795,127.7699966430664,124.76000213623048,125.0199966430664,124.1666488647461,80962700
368,2023-01-06,0.2034090909090909,0.08352272727272728,0.0024375,126.01000213623048,130.2899932861328,124.88999938964844,129.6199951171875,128.73524475097656,87754700
371,2023-01-09,0.2723845598845599,0.09481060606060607,0.00355,130.47000122070312,133.41000366210938,129.88999938964844,130.14999389648438,129.26161193847656,70790800
372,2023-01-10,0.28846861471861474,0.11475784632034632,0.005291666666666667,130.25999450683594,131.25999450683594,128.1199951171875,130.72999572753906,129.83766174316406,63896200
373,2023-01-11,0.3414772727272727,0.08806818181818181,0.0027,131.25,133.50999450683594,130.4600067138672,133.49000549316406,132.57884216308594,69458900
374,2023-01-12,0.3094538458174822,0.06780248371157463,0.003863636363636364,133.8800048828125,134.25999450683594,131.44000244140625,133.41000366210938,132.49937438964844,71379600
375,2023-01-13,0.1846590909090909,0.05539772727272727,0.0031875000000000002,132.02999877929688,134.9199981689453,131.66000366210938,134.75999450683594,133.8401336669922,57809700
379,2023-01-17,0.26282051282051283,0.09819347319347319,0.0035384615384615385,134.8300018310547,137.2899932861328,134.1300048828125,135.94000244140625,135.01210021972656,63646600
380,2023-01-18,0.27247127872127874,0.13400557775557775,0.0038461538461538464,136.82000732421875,138.61000061035156,135.02999877929688,135.2100067138672,134.28709411621094,69672800
381,2023-01-19,0.3193216577982203,0.12823707686988936,0.00203125,134.0800018310547,136.25,133.77000427246094,135.27000427246094,134.3466796875,58280400
382,2023-01-20,0.2679456906729634,0.0909681227863046,0.002272727272727273,135.27999877929688,138.02000427246094,134.22000122070312,137.8699951171875,136.92893981933594,80223600
385,2023-01-23,0.18584455667789002,0.09277497194163861,0.0024444444444444444,138.1199951171875,143.32000732421875,137.89999389648438,141.11000061035156,140.1468048095703,81760300
386,2023-01-24,0.27451790633608814,0.07379476584022039,0.0016969696969696968,140.30999755859375,143.16000366210938,140.3000030517578,142.52999877929688,141.55711364746094,66435100
387,2023-01-25,0.28475,0.0993125,0.0007,140.88999938964844,142.42999267578125,138.80999755859375,141.86000061035156,140.89169311523438,65799300
388,2023-01-26,0.2104166666666667,0.05,0.0036249999999999998,143.1699981689453,144.25,141.89999389648438,143.9600067138672,142.9773712158203,54105100
389,2023-01-27,0.2292207792207792,0.11948051948051949,0.0,143.16000366210938,147.22999572753906,143.0800018310547,145.92999267578125,144.93389892578125,70555800
392,2023-01-30,0.23640350877192984,0.038157894736842106,0.006,144.9600067138672,145.5500030517578,142.85000610351562,143.0,142.02391052246094,64015300
393,2023-01-31,0.29878000787091696,0.14252262888626524,0.007818181818181818,142.6999969482422,144.33999633789062,142.27999877929688,144.2899932861328,143.30511474609375,65874500
394,2023-02-01,0.14648869648869647,0.06556036556036557,0.0017142857142857144,143.97000122070312,146.61000061035156,141.32000732421875,145.42999267578125,144.4373016357422,77663600
395,2023-02-02,0.22795454545454544,0.07446969696969696,0.0047,148.89999389648438,151.17999267578125,148.1699981689453,150.82000732421875,149.79054260253906,118339000
396,2023-02-03,0.251326164874552,0.06770609318996415,0.006129032258064516,148.02999877929688,157.3800048828125,147.8300018310547,154.5,153.44540405273438,154357300
399,2023-02-06,0.26629279811097994,0.10047225501770957,0.003909090909090909,152.57000732421875,153.10000610351562,150.77999877929688,151.72999572753906,150.69432067871094,69858300
400,2023-02-07,0.31493506493506496,0.0801948051948052,0.0035714285714285718,150.63999938964844,155.22999572753906,150.63999938964844,154.64999389648438,153.59439086914062,83322600
401,2023-02-08,0.2504545454545455,0.12863636363636363,0.0021999999999999997,153.8800048828125,154.5800018310547,151.1699981689453,151.9199981689453,150.88304138183594,64120100
402,2023-02-09,0.2412698412698413,0.09107142857142857,0.0007777777777777778,153.77999877929688,154.3300018310547,150.4199981689453,150.8699951171875,149.84017944335938,56007100
403,2023-02-10,0.2107843137254902,0.11078431372549019,0.0023529411764705885,149.4600067138672,151.33999633789062,149.22000122070312,151.00999450683594,150.20823669433594,57450700
406,2023-02-13,0.2520979020979021,0.09370629370629371,0.008153846153846154,150.9499969482422,154.25999450683594,150.9199981689453,153.85000610351562,153.0331573486328,62199000
407,2023-02-14,0.275990675990676,0.0168997668997669,0.002769230769230769,152.1199951171875,153.77000427246094,150.86000061035156,153.1999969482422,152.38661193847656,61707600
408,2023-02-15,0.10082644628099174,0.033884297520661154,0.0,153.11000061035156,155.5,152.8800048828125,155.3300018310547,154.5052947998047,65573800
409,2023-02-16,0.25825757575757574,0.05578282828282829,0.002111111111111111,153.50999450683594,156.3300018310547,153.35000610351562,153.7100067138672,152.89390563964844,68167900
410,2023-02-17,0.26535353535353534,0.15727272727272726,0.0018,152.35000610351562,153.0,150.85000610351562,152.5500030517578,151.7400665283203,59144100
414,2023-02-21,0.37187950937950937,0.19765512265512264,0.002285714285714286,150.1999969482422,151.3000030517578,148.41000366210938,148.47999572753906,147.69166564941406,58867200
415,2023-02-22,0.17735690235690235,0.1095959595959596,0.006111111111111111,148.8699951171875,149.9499969482422,147.16000366210938,148.91000366210938,148.119384765625,51011300
416,2023-02-23,0.12767857142857142,0.06964285714285715,0.00175,150.08999633789062,150.33999633789062,147.24000549316406,149.39999389648438,148.60679626464844,48394200
417,2023-02-24,0.2077922077922078,0.01948051948051948,0.003428571428571429,147.11000061035156,147.19000244140625,145.72000122070312,146.7100067138672,145.93106079101562,55469600
420,2023-02-27,0.28863636363636364,-0.04090909090909091,0.0,147.7100067138672,149.1699981689453,147.4499969482422,147.9199981689453,147.1346435546875,44998500
421,2023-02-28,0.24156034024455075,0.07276714513556617,0.003263157894736842,147.0500030517578,149.0800018310547,146.8300018310547,147.41000366210938,146.62734985351562,50547000
422,2023-03-01,0.13316498316498318,0.00976430976430976,0.0,146.8300018310547,147.22999572753906,145.00999450683594,145.30999755859375,144.5384979248047,55479000
423,2023-03-02,0.291005291005291,0.059656084656084664,0.0016666666666666666,144.3800048828125,146.7100067138672,143.89999389648438,145.91000366210938,145.13531494140625,52238100
424,2023-03-03,0.16342893217893217,0.08049693362193361,0.0015625,148.0399932861328,151.11000061035156,147.3300018310547,151.02999877929688,150.22811889648438,70732300
427,2023-03-06,0.2177933177933178,0.04683372183372182,0.004615384615384615,153.7899932861328,156.3000030517578,153.4600067138672,153.8300018310547,153.0132598876953,87558000
428,2023-03-07,0.3691287878787879,0.15928030303030302,0.013333333333333334,153.6999969482422,154.02999877929688,151.1300048828125,151.60000610351562,150.7951202392578,56182000
429,2023-03-08,0.12545454545454546,0.16363636363636364,0.0043,152.80999755859375,153.47000122070312,151.8300018310547,152.8699951171875,152.05836486816406,47204800
430,2023-03-09,0.15125,0.15125,0.0036666666666666666,153.55999755859375,154.5399932861328,150.22999572753906,150.58999633789062,149.79046630859375,53833600
431,2023-03-10,0.20953441982853746,0.10697097020626432,0.001588235294117647,150.2100067138672,150.94000244140625,147.61000061035156,148.5,147.7115478515625,68572400
434,2023-03-13,0.21103896103896105,0.031168831168831172,0.004571428571428572,147.80999755859375,153.13999938964844,147.6999969482422,150.47000122070312,149.6710968017578,84457100
435,2023-03-14,0.24034828807556077,0.04995080676898858,0.002272727272727273,151.27999877929688,153.39999389648438,150.10000610351562,152.58999633789062,151.77984619140625,73695900
436,2023-03-15,0.27777597402597404,0.1202435064935065,0.0058000000000000005,151.19000244140625,153.25,149.9199981689453,152.99000549316406,152.17771911621094,77167900
437,2023-03-16,0.08,0.06,0.0007,152.16000366210938,156.4600067138672,151.63999938964844,155.85000610351562,155.0225372314453,76161100
438,2023-03-17,0.1733044733044733,0.04764610389610389,0.0014166666666666668,156.0800018310547,156.74000549316406,154.27999877929688,155.0,154.1770477294922,98944600
441,2023-03-20,0.27223140495867765,0.1155785123966942,0.003909090909090909,155.07000732421875,157.82000732421875,154.14999389648438,157.39999389648438,156.56431579589844,73641400
442,2023-03-21,0.11919642857142856,0.04776785714285714,0.002142857142857143,157.32000732421875,159.39999389648438,156.5399932861328,159.27999877929688,158.434326171875,73938300
443,2023-03-22,0.25681818181818183,0.06704545454545455,0.000875,159.3000030517578,162.13999938964844,157.80999755859375,157.8300018310547,156.99203491210938,75701800
444,2023-03-23,0.25,0.08333333333333333,0.0,158.8300018310547,161.5500030517578,157.67999267578125,158.92999267578125,158.086181640625,67622100
445,2023-03-24,0.320995670995671,-0.05108225108225109,0.0,158.86000061035156,160.33999633789062,157.85000610351562,160.25,159.399169921875,59196500
448,2023-03-27,0.2907070707070707,0.1087878787878788,0.004454545454545455,159.94000244140625,160.77000427246094,157.8699951171875,158.27999877929688,157.43963623046875,52390300
449,2023-03-28,0.2532894736842105,0.11688596491228069,0.002210526315789474,157.97000122070312,158.49000549316406,155.97999572753906,157.64999389648438,156.81297302246094,45992200
450,2023-03-29,0.19037598204264872,0.0753226711560045,0.0017777777777777779,159.3699951171875,161.0500030517578,159.35000610351562,160.77000427246094,159.91644287109375,51305700
451,2023-03-30,0.11527777777777778,-0.0125,0.0022222222222222222,161.52999877929688,162.47000122070312,161.27000427246094,162.36000061035156,161.49798583984375,49501700
452,2023-03-31,0.22777777777777775,0.08055555555555555,0.005,162.44000244140625,165.0,161.91000366210938,164.89999389648438,164.0244903564453,68749800
455,2023-04-03,0.22970615243342515,0.16051423324150596,0.006363636363636364,164.27000427246094,166.2899932861328,164.22000122070312,166.1699981689453,165.2877655029297,56976200
456,2023-04-04,0.18958333333333333,-0.018749999999999996,0.0023333333333333335,166.60000610351562,166.83999633789062,165.11000061035156,165.6300048828125,164.75062561035156,46278300
457,2023-04-05,0.15384615384615383,0.0923076923076923,0.0010769230769230769,164.74000549316406,165.0500030517578,161.8000030517578,163.75999450683594,162.89053344726562,51511700
458,2023-04-06,0.2513131313131313,0.07689393939393939,0.0013333333333333333,162.42999267578125,164.9600067138672,162.0,164.66000366210938,163.7857666015625,45390100
462,2023-04-10,0.25422077922077924,0.07751623376623376,0.002428571428571429,161.4199981689453,162.02999877929688,160.0800018310547,162.02999877929688,161.1697235107422,47716900
463,2023-04-11,0.26632575757575755,0.010407647907647906,0.0005,162.35000610351562,162.36000061035156,160.50999450683594,160.8000030517578,159.94625854492188,47644200
464,2023-04-12,0.2684228650137741,0.12190082644628099,0.006363636363636364,161.22000122070312,162.05999755859375,159.77999877929688,160.10000610351562,159.24998474121094,50133100
465,2023-04-13,0.0645021645021645,0.030303030303030304,0.002952380952380953,161.6300048828125,165.8000030517578,161.4199981689453,165.55999755859375,164.68096923828125,68445600
466,2023-04-14,0.1510653409090909,0.04341856060606061,0.0015,164.58999633789062,166.32000732421875,163.82000732421875,165.2100067138672,164.3328399658203,49386500
469,2023-04-17,0.2681034482758621,0.09030172413793103,0.0011724137931034483,165.08999633789062,165.38999938964844,164.02999877929688,165.22999572753906,164.3527374267578,41516200
470,2023-04-18,0.24524793388429753,0.08496326905417814,0.0012727272727272726,166.10000610351562,167.41000366210938,165.64999389648438,166.47000122070312,165.58616638183594,49923000
471,2023-04-19,0.25205627705627703,0.12080003330003329,0.0003846153846153846,165.8000030517578,168.16000366210938,165.5399932861328,167.6300048828125,166.74000549316406,47720200
472,2023-04-20,0.24629629629629632,0.09421296296296296,0.0016666666666666666,166.08999633789062,167.8699951171875,165.55999755859375,166.64999389648438,165.7651824951172,52456400
473,2023-04-21,0.22659632034632035,0.10949675324675325,0.0037857142857142855,165.0500030517578,166.4499969482422,164.49000549316406,165.02000427246094,164.14385986328125,58337300
476,2023-04-24,0.0962962962962963,0.0851851851851852,0.001888888888888889,165.0,165.60000610351562,163.88999938964844,165.3300018310547,164.4522247314453,41949600
477,2023-04-25,0.1672176308539945,0.06690771349862258,0.003272727272727273,165.19000244140625,166.30999755859375,163.72999572753906,163.77000427246094,162.90048217773438,48714100
478,2023-04-26,0.3255681818181818,0.12017045454545455,0.000875,163.05999755859375,165.27999877929688,162.8000030517578,163.75999450683594,162.89053344726562,45498800
479,2023-04-27,0.17761363636363636,0.1546590909090909,0.00395,165.19000244140625,168.55999755859375,165.19000244140625,168.41000366210938,167.51585388183594,64902300
480,2023-04-28,0.08489583333333334,0.06458333333333333,0.0,168.49000549316406,169.85000610351562,167.8800048828125,169.67999267578125,168.7790985107422,55209200
483,2023-05-01,0.15454545454545454,0.05779220779220779,0.001,169.27999877929688,170.4499969482422,168.63999938964844,169.58999633789062,168.6895751953125,52472900
484,2023-05-02,0.25512820512820517,0.24615384615384617,0.0022307692307692306,170.08999633789062,170.35000610351562,167.5399932861328,168.5399932861328,167.6451416015625,48425700
485,2023-05-03,0.2748376623376623,0.04215367965367966,0.003999999999999999,169.5,170.9199981689453,167.16000366210938,167.4499969482422,166.56094360351562,65136000
486,2023-05-04,0.2430871212121212,0.06448863636363637,0.0024166666666666664,164.88999938964844,167.0399932861328,164.30999755859375,165.7899932861328,164.9097442626953,81235400
487,2023-05-05,0.28376377410468323,0.12105716253443526,0.007772727272727273,170.97999572753906,174.3000030517578,170.75999450683594,173.57000732421875,172.64845275878906,113316400
490,2023-05-08,0.27123870281765017,0.059383306751727795,0.00268421052631579,172.47999572753906,173.85000610351562,172.11000061035156,173.5,172.57882690429688,55962800
491,2023-05-09,0.3327717652717653,0.039674122174122174,0.003533333333333333,173.0500030517578,173.5399932861328,171.60000610351562,171.77000427246094,170.85801696777344,45326900
492,2023-05-10,0.1774334251606979,0.02628558310376492,0.006727272727272727,173.02000427246094,174.02999877929688,171.89999389648438,173.55999755859375,172.6385040283203,53724500
493,2023-05-11,0.3,0.08352272727272726,0.006363636363636364,173.85000610351562,174.58999633789062,172.1699981689453,173.75,172.8275146484375,49514700
494,2023-05-12,0.21712121212121213,0.07113636363636364,0.002,173.6199951171875,174.05999755859375,171.0,172.57000732421875,171.89120483398438,45497800
497,2023-05-15,0.19106369820655536,0.10376468769325913,0.0015714285714285713,173.16000366210938,173.2100067138672,171.47000122070312,172.07000732421875,171.39317321777344,37266700
498,2023-05-16,0.2403581267217631,-0.02148760330578511,0.0033636363636363634,171.99000549316406,173.13999938964844,171.8000030517578,172.07000732421875,171.39317321777344,42110300
499,2023-05-17,0.07852564102564102,0.019230769230769232,0.004538461538461538,171.7100067138672,172.92999267578125,170.4199981689453,172.69000244140625,172.01072692871094,57951600
500,2023-05-18,0.2726118326118326,0.1416883116883117,0.0,173.0,175.24000549316406,172.5800018310547,175.0500030517578,174.3614501953125,65496700
501,2023-05-19,0.12441652550348203,0.05449369471108601,0.0004347826086956522,176.38999938964844,176.38999938964844,174.94000244140625,175.16000366210938,174.4710235595703,55772400
504,2023-05-22,0.15863636363636366,0.05075757575757576,0.0014,173.97999572753906,174.7100067138672,173.4499969482422,174.1999969482422,173.51478576660156,43570900
505,2023-05-23,0.07575757575757576,0.022727272727272724,0.004833333333333333,173.1300048828125,173.3800048828125,171.27999877929688,171.55999755859375,170.8851776123047,50747300
506,2023-05-24,0.33557692307692305,0.027884615384615383,0.0026153846153846158,171.08999633789062,172.4199981689453,170.52000427246094,171.83999633789062,171.1640625,45143500
507,2023-05-25,0.22103896103896103,0.05529581529581531,0.0,172.41000366210938,173.89999389648438,171.69000244140625,172.99000549316406,172.30953979492188,56058300
508,2023-05-26,0.38945578231292516,0.20561224489795918,0.0031428571428571426,173.32000732421875,175.77000427246094,173.11000061035156,175.42999267578125,174.73992919921875,54835000
512,2023-05-30,0.2238888888888889,0.09527777777777778,0.0,176.9600067138672,178.99000549316406,176.57000732421875,177.3000030517578,176.6025848388672,55964400
513,2023-05-31,0.16075757575757574,-0.025606060606060608,0.0018,177.3300018310547,179.35000610351562,176.75999450683594,177.25,176.5527801513672,99625300
514,2023-06-01,0.133008658008658,0.05216450216450217,0.00046666666666666666,177.6999969482422,180.1199951171875,176.92999267578125,180.08999633789062,179.38160705566406,68901800
515,2023-06-02,0.19962121212121212,0.02598484848484849,0.0011333333333333334,181.02999877929688,181.77999877929688,179.25999450683594,180.9499969482422,180.23822021484372,61945900
518,2023-06-05,0.3340957190957191,0.16626503126503125,0.002,182.6300048828125,184.9499969482422,178.0399932861328,179.5800018310547,178.8736114501953,121946500
519,2023-06-06,0.21838334847594107,0.09256208469171431,0.0024814814814814816,179.97000122070312,180.1199951171875,177.42999267578125,179.2100067138672,178.50506591796875,64848400
520,2023-06-07,0.18620550745550746,0.052126022126022124,0.003033333333333333,178.44000244140625,181.2100067138672,177.32000732421875,177.82000732421875,177.12054443359375,61944600
521,2023-06-08,0.16602564102564102,0.03942307692307691,0.0005384615384615384,177.89999389648438,180.83999633789065,177.4600067138672,180.57000732421875,179.85972595214844,50214900
522,2023-06-09,0.284366391184573,0.03402203856749311,0.0,181.5,182.22999572753903,180.6300048828125,180.9600067138672,180.24819946289065,48870700
525,2023-06-12,0.2487755708343944,0.10912963670316611,0.004058823529411765,181.2700042724609,183.88999938964844,180.97000122070312,183.7899932861328,183.06704711914065,54274900
526,2023-06-13,0.1325,0.028636363636363637,0.0021000000000000003,182.8000030517578,184.1499938964844,182.44000244140625,183.30999755859372,182.5889587402344,54929100
527,2023-06-14,0.11813186813186813,0.04505494505494505,0.003923076923076923,183.3699951171875,184.38999938964844,182.0200042724609,183.9499969482422,183.22642517089844,57462900
528,2023-06-15,0.32861952861952864,0.09199041699041698,0.0022307692307692306,183.9600067138672,186.5200042724609,183.77999877929688,186.00999450683597,185.2783203125,65433200
529,2023-06-16,0.3136111111111111,0.10444444444444445,0.0039,186.72999572753903,186.9900054931641,184.2700042724609,184.9199981689453,184.19261169433597,101235600
533,2023-06-20,0.21717171717171718,0.17904040404040403,0.0034444444444444444,184.41000366210935,186.1000061035156,184.41000366210935,185.00999450683597,184.28225708007807,49799100
534,2023-06-21,0.20122549019607844,-0.0303921568627451,0.0033529411764705885,184.8999938964844,185.41000366210935,182.58999633789065,183.9600067138672,183.2364044189453,49515700
535,2023-06-22,0.20703845174433408,0.06363254392666157,0.002588235294117647,183.7400054931641,187.0500030517578,183.6699981689453,187.0,186.26443481445312,51245300
536,2023-06-23,0.31986531986531985,0.16007996632996635,0.0005555555555555556,185.5500030517578,187.55999755859372,185.00999450683597,186.67999267578125,185.9456787109375,53079300
539,2023-06-26,0.22407407407407406,0.08703703703703704,0.0016666666666666666,186.8300018310547,188.0500030517578,185.22999572753903,185.2700042724609,184.541259765625,48088700
540,2023-06-27,0.2125,-0.0375,0.0025,185.88999938964844,188.38999938964844,185.6699981689453,188.05999755859372,187.32025146484372,50730800
541,2023-06-28,0.3879464285714286,-0.0019345238095238066,0.0015,187.92999267578125,189.8999938964844,187.6000061035156,189.25,188.50558471679688,51216800
542,2023-06-29,0.08461538461538462,0.015384615384615385,0.0037692307692307695,189.0800018310547,190.07000732421875,188.94000244140625,189.58999633789065,188.84423828125,46347300
543,2023-06-30,0.18538159371492707,0.03675645342312009,0.0024444444444444444,191.6300048828125,194.47999572753903,191.25999450683597,193.97000122070312,193.20703125,85069600
546,2023-07-03,0.2772727272727273,0.13425324675324676,0.0011666666666666668,193.77999877929688,193.8800048828125,191.75999450683597,192.4600067138672,191.70297241210935,31458200
548,2023-07-05,0.45113636363636367,0.07840909090909091,0.0006363636363636364,191.57000732421875,192.97999572753903,190.6199951171875,191.3300018310547,190.5774078369141,46920300
549,2023-07-06,0.05416666666666667,0.016666666666666666,0.0025,189.83999633789065,192.0200042724609,189.1999969482422,191.80999755859372,191.05551147460935,45094300
550,2023-07-07,0.3170454545454546,0.13428030303030303,0.0018333333333333333,191.41000366210935,192.6699981689453,190.2400054931641,190.67999267578125,189.9299468994141,46778000
553,2023-07-10,0.318784435261708,0.13026285583103767,0.0015454545454545456,189.25999450683597,189.9900054931641,187.0399932861328,188.6100006103516,187.86810302734372,59922200
554,2023-07-11,0.19974747474747473,0.12797979797979797,0.0034000000000000002,189.16000366210935,189.3000030517578,186.6000061035156,188.0800018310547,187.34019470214844,46638100
555,2023-07-12,0.18888888888888888,-0.07777777777777778,0.0,189.67999267578125,191.6999969482422,188.47000122070312,189.7700042724609,189.02354431152344,60750200
556,2023-07-13,0.25126678876678876,0.09693223443223443,0.0031538461538461538,190.5,191.19000244140625,189.77999877929688,190.5399932861328,189.79049682617188,41342300
557,2023-07-14,0.12261072261072262,0.03841783216783217,0.0005384615384615384,190.22999572753903,191.17999267578125,189.6300048828125,190.69000244140625,189.93991088867188,41573900
560,2023-07-17,0.2959183673469387,0.1078656462585034,0.005857142857142858,191.8999938964844,194.32000732421875,191.80999755859372,193.9900054931641,193.22694396972656,50520200
561,2023-07-18,0.2008207070707071,0.04160353535353535,0.0030454545454545456,193.3500061035156,194.3300018310547,192.4199981689453,193.72999572753903,192.96795654296875,48353800
562,2023-07-19,0.20850267379679144,0.1316488413547237,0.0017058823529411764,193.1000061035156,198.22999572753903,192.6499938964844,195.1000061035156,194.33258056640625,80507300
563,2023-07-20,0.10288461538461538,0.06442307692307693,0.0005384615384615384,195.08999633789065,196.47000122070312,192.5,193.1300048828125,192.37033081054688,59581200
564,2023-07-21,0.23114478114478118,0.06721380471380471,0.002916666666666667,194.1000061035156,194.97000122070312,191.22999572753903,191.94000244140625,191.1850128173828,71917800
567,2023-07-24,0.20961538461538462,0.07435897435897434,0.004230769230769231,193.41000366210935,194.91000366210935,192.25,192.75,191.99180603027344,45377800
568,2023-07-25,0.0943850267379679,0.0570855614973262,0.0012352941176470588,193.3300018310547,194.44000244140625,192.9199981689453,193.6199951171875,192.8583984375,37283200
569,2023-07-26,0.09494949494949495,0.004040404040404039,0.0013333333333333333,193.6699981689453,195.63999938964844,193.32000732421875,194.5,193.7349395751953,47471900
570,2023-07-27,0.16467051467051466,0.10466570466570466,0.003666666666666667,196.0200042724609,197.1999969482422,192.5500030517578,193.22000122070312,192.4599609375,47460200
571,2023-07-28,0.25227272727272726,-0.08181818181818182,0.0,194.6699981689453,196.6300048828125,194.13999938964844,195.8300018310547,195.0597076416016,48291400
574,2023-07-31,0.27401988636363633,0.05715909090909091,0.0019375,196.05999755859372,196.4900054931641,195.25999450683597,196.4499969482422,195.67726135253903,38824100
575,2023-08-01,0.14461805555555557,0.04699600168350168,0.002125,196.2400054931641,196.72999572753903,195.27999877929688,195.6100006103516,194.84056091308597,35175100
576,2023-08-02,0.17566287878787878,0.09853219696969696,0.002125,195.0399932861328,195.17999267578125,191.8500061035156,192.5800018310547,191.82247924804688,50389300
577,2023-08-03,0.2705128205128205,0.09195804195804194,0.0007692307692307692,191.57000732421875,192.3699951171875,190.69000244140625,191.1699981689453,190.41802978515625,61235200
578,2023-08-04,0.2854384756657484,0.12932851239669424,0.00409090909090909,185.5200042724609,187.3800048828125,181.9199981689453,181.9900054931641,181.27415466308597,115799700
581,2023-08-07,0.2524793388429752,0.019834710743801654,0.005,182.1300048828125,183.1300048828125,177.35000610351562,178.85000610351562,178.146484375,97576100
582,2023-08-08,0.22024410774410774,0.04482323232323232,0.0,179.69000244140625,180.2700042724609,177.5800018310547,179.8000030517578,179.09274291992188,67823000
583,2023-08-09,0.38478535353535354,0.1470328282828283,0.0014166666666666668,180.8699951171875,180.92999267578125,177.00999450683594,178.19000244140625,177.48907470703125,60378500
584,2023-08-10,0.34421516754850084,0.010634920634920633,0.0,179.47999572753906,180.75,177.60000610351562,177.97000122070312,177.26995849609375,54686900
585,2023-08-11,0.19895833333333335,0.11354166666666667,0.00175,177.32000732421875,178.6199951171875,176.5500030517578,177.7899932861328,177.32980346679688,51988100
588,2023-08-14,0.26038159371492703,0.12471941638608304,0.013111111111111112,177.97000122070312,179.69000244140625,177.30999755859375,179.4600067138672,178.9954833984375,43675600
589,2023-08-15,0.0,0.0,0.0048000000000000004,178.8800048828125,179.47999572753906,177.0500030517578,177.4499969482422,176.9906768798828,43622600
590,2023-08-16,0.1303030303030303,0.10454545454545455,0.005454545454545454,177.1300048828125,178.5399932861328,176.5,176.57000732421875,176.1129608154297,46964900
591,2023-08-17,0.1917207792207792,0.04090909090909091,0.002285714285714286,177.13999938964844,177.50999450683594,173.47999572753906,174.0,173.54962158203125,66062900
592,2023-08-18,0.1491830065359477,0.06037581699346406,0.0011764705882352942,172.3000030517578,175.10000610351562,171.9600067138672,174.49000549316406,174.03834533691406,61114200
595,2023-08-21,0.09365079365079365,0.06190476190476191,0.0014285714285714286,175.07000732421875,176.1300048828125,173.74000549316406,175.83999633789062,175.3848419189453,46311900
596,2023-08-22,0.20256410256410257,0.13333333333333333,0.0018461538461538461,177.05999755859375,177.67999267578125,176.25,177.22999572753906,176.771240234375,42084200
597,2023-08-23,0.2802272727272727,0.1368181818181818,0.0021000000000000003,178.52000427246094,181.5500030517578,178.3300018310547,181.1199951171875,180.65118408203125,52722800
598,2023-08-24,0.24145021645021644,0.1458874458874459,0.0016666666666666668,180.6699981689453,181.1000061035156,176.00999450683594,176.3800048828125,175.92344665527344,54945800
599,2023-08-25,0.17643097643097644,0.12533670033670033,0.0007777777777777778,177.3800048828125,179.14999389648438,175.82000732421875,178.61000061035156,178.14767456054688,51449600
602,2023-08-28,0.34004329004329004,0.011020923520923518,0.003642857142857143,180.08999633789062,180.58999633789065,178.5500030517578,180.19000244140625,179.7235870361328,43820700
603,2023-08-29,0.32323232323232326,0.2525252525252525,0.005111111111111111,179.6999969482422,184.8999938964844,179.5,184.1199951171875,183.64341735839844,53003900
604,2023-08-30,0.20142045454545454,0.1142282196969697,0.0021875,184.94000244140625,187.8500061035156,184.7400054931641,187.6499938964844,187.16427612304688,60813900
605,2023-08-31,0.05555555555555555,0.041666666666666664,0.004166666666666667,187.83999633789065,189.1199951171875,187.47999572753903,187.8699951171875,187.3837127685547,60794500
606,2023-09-01,0.19935515873015874,0.06508387445887447,0.0024166666666666664,189.4900054931641,189.9199981689453,188.27999877929688,189.4600067138672,188.9696044921875,45732600
610,2023-09-05,0.26398601398601396,0.0541958041958042,0.0016153846153846155,188.27999877929688,189.97999572753903,187.6100006103516,189.6999969482422,189.2089691162109,45280000
611,2023-09-06,0.26595365418894834,-0.01501782531194295,0.002411764705882353,188.3999938964844,188.8500061035156,181.47000122070312,182.91000366210935,182.43655395507807,81755800
612,2023-09-07,0.17507215007215007,0.058844396344396345,0.004555555555555556,175.17999267578125,178.2100067138672,173.5399932861328,177.55999755859375,177.10040283203125,112488800
613,2023-09-08,0.13312937062937064,0.06856060606060607,0.008384615384615386,178.35000610351562,180.2400054931641,177.7899932861328,178.17999267578125,177.71878051757812,65551300
616,2023-09-11,0.2500901875901876,0.20865800865800868,0.004285714285714286,180.07000732421875,180.3000030517578,177.33999633789062,179.36000061035156,178.89573669433594,58953100
617,2023-09-12,0.22726458129683935,0.0670495275333985,0.004387096774193549,179.49000549316406,180.1300048828125,174.82000732421875,176.3000030517578,175.84365844726562,90370200
618,2023-09-13,0.2504821815089672,0.11598542826221399,0.005714285714285714,176.50999450683594,177.3000030517578,173.97999572753906,174.2100067138672,173.75906372070312,84267900
619,2023-09-14,0.18986291486291487,0.15491522366522364,0.005285714285714285,174.0,176.10000610351562,173.5800018310547,175.74000549316406,175.28512573242188,60895800
620,2023-09-15,0.2645239598364598,0.08837669853294854,0.005291666666666667,176.47999572753906,176.5,173.82000732421875,175.00999450683594,174.55697631835938,109205100
623,2023-09-18,0.2252066115702479,0.08290289256198347,0.004045454545454546,176.47999572753906,179.3800048828125,176.1699981689453,177.97000122070312,177.50933837890625,67257600
624,2023-09-19,0.33076479076479076,0.0977056277056277,0.008333333333333333,177.52000427246094,179.6300048828125,177.1300048828125,179.07000732421875,178.6064910888672,51826900
625,2023-09-20,0.2096418732782369,0.07107438016528925,0.003909090909090909,179.25999450683594,179.6999969482422,175.39999389648438,175.49000549316406,175.03575134277344,58436200
626,2023-09-21,0.2318181818181818,0.09659090909090909,0.007090909090909091,174.5500030517578,176.3000030517578,173.86000061035156,173.92999267578125,173.47979736328125,63047900
627,2023-09-22,0.19250420875420873,0.07230218855218856,0.006266666666666667,174.6699981689453,177.0800018310547,174.0500030517578,174.7899932861328,174.33755493164062,56725400
630,2023-09-25,0.06666666666666667,0.03333333333333333,0.002,174.1999969482422,176.97000122070312,174.14999389648438,176.0800018310547,175.6242218017578,46172700
631,2023-09-26,0.24,-0.0075000000000000015,0.0032500000000000003,174.82000732421875,175.1999969482422,171.66000366210938,171.9600067138672,171.514892578125,64588900
632,2023-09-27,0.17263374485596708,0.10174897119341564,0.0008333333333333333,172.6199951171875,173.0399932861328,169.0500030517578,170.42999267578125,169.98883056640625,66921800
633,2023-09-28,0.25552897395002655,0.07668793195108985,0.0035263157894736843,169.33999633789062,172.02999877929688,167.6199951171875,170.69000244140625,170.24818420410156,56294400
634,2023-09-29,0.2394111570247934,0.12722107438016528,0.0023636363636363633,172.02000427246094,173.07000732421875,170.33999633789062,171.2100067138672,170.76683044433594,51814200
637,2023-10-02,0.33731447124304265,0.2027249536178108,0.006357142857142857,171.22000122070312,174.3000030517578,170.92999267578125,173.75,173.30026245117188,52164500
638,2023-10-03,0.397770979020979,-0.0798513986013986,0.0035384615384615385,172.25999450683594,173.6300048828125,170.82000732421875,172.39999389648438,171.95375061035156,49594600
639,2023-10-04,0.18528138528138527,0.08701298701298701,0.0025714285714285717,171.08999633789062,174.2100067138672,170.97000122070312,173.66000366210938,173.2104949951172,53020300
640,2023-10-05,0.12884615384615386,0.07596153846153847,0.0021538461538461538,173.7899932861328,175.4499969482422,172.67999267578125,174.91000366210938,174.45726013183594,48527900
641,2023-10-06,0.25085858585858584,0.10297979797979799,0.0028666666666666662,173.8000030517578,177.99000549316406,173.17999267578125,177.49000549316406,177.0305938720703,57224100
644,2023-10-09,0.29,0.27749999999999997,0.0014,176.80999755859375,179.0500030517578,175.8000030517578,178.99000549316406,178.52670288085938,42390800
645,2023-10-10,0.201836978810663,0.08339883800410115,0.001631578947368421,178.10000610351562,179.72000122070312,177.9499969482422,178.38999938964844,177.92825317382812,43698000
646,2023-10-11,0.4198484848484848,-0.11204545454545452,0.0024000000000000002,178.1999969482422,179.85000610351562,177.60000610351562,179.8000030517578,179.3345947265625,47551100
647,2023-10-12,0.058333333333333334,0.05416666666666667,0.00175,180.07000732421875,182.33999633789065,179.0399932861328,180.7100067138672,180.24224853515625,56743100
648,2023-10-13,0.21109307359307358,0.12615301365301365,0.0018461538461538461,181.4199981689453,181.92999267578125,178.13999938964844,178.85000610351562,178.38705444335938,51427100
651,2023-10-16,0.2103298017771702,0.07850307587149692,0.004684210526315789,176.75,179.0800018310547,176.50999450683594,178.72000122070312,178.2574005126953,52517000
652,2023-10-17,0.09027777777777778,-0.04861111111111111,0.004555555555555556,176.64999389648438,178.4199981689453,174.8000030517578,177.14999389648438,176.6914520263672,57549400
653,2023-10-18,0.20849282296650717,0.1313995215311005,0.0028947368421052633,175.5800018310547,177.5800018310547,175.11000061035156,175.83999633789062,175.3848419189453,54764400
654,2023-10-19,0.09018759018759019,0.01515151515151515,0.003,176.0399932861328,177.83999633789062,175.19000244140625,175.4600067138672,175.00584411621094,59302900
655,2023-10-20,0.15965909090909092,0.008522727272727272,0.0006363636363636364,175.30999755859375,175.4199981689453,172.63999938964844,172.8800048828125,172.43251037597656,64189300
658,2023-10-23,0.19073426573426572,0.09798951048951049,0.003923076923076923,170.91000366210938,174.00999450683594,169.92999267578125,173.0,172.5522003173828,55980100
659,2023-10-24,0.42142857142857143,-0.005034471701138348,0.003,173.0500030517578,173.6699981689453,171.4499969482422,173.44000244140625,172.99105834960938,43816600
660,2023-10-25,0.3469233147804576,0.12360080395794681,0.0017142857142857144,171.8800048828125,173.05999755859375,170.64999389648438,171.10000610351562,170.65713500976562,57157000
661,2023-10-26,0.3159090909090909,0.1467171717171717,0.0047777777777777775,170.3699951171875,171.3800048828125,165.6699981689453,166.88999938964844,166.45802307128906,70625300
662,2023-10-27,0.17272727272727273,0.05042929292929292,0.0027500000000000003,166.91000366210938,168.9600067138672,166.8300018310547,168.22000122070312,167.78457641601562,58499100
665,2023-10-30,0.3658854166666667,0.08567708333333333,0.009312500000000001,169.02000427246094,171.1699981689453,168.8699951171875,170.2899932861328,169.8491973876953,51131000
666,2023-10-31,0.3294507575757576,0.06614772727272727,0.00244,169.35000610351562,170.89999389648438,167.89999389648438,170.77000427246094,170.32797241210938,44846000
667,2023-11-01,0.06728395061728396,-0.019753086419753086,0.0025925925925925925,171.0,174.22999572753906,170.1199951171875,173.97000122070312,173.51968383789062,56934900
668,2023-11-02,0.23845270890725434,0.09676308539944904,0.004772727272727273,175.52000427246094,177.77999877929688,175.4600067138672,177.57000732421875,177.11038208007812,77334800
669,2023-11-03,0.49531425364758697,0.13936588103254768,0.008722222222222221,174.24000549316406,176.82000732421875,173.35000610351562,176.64999389648438,176.1927490234375,79763700
672,2023-11-06,0.30588383838383837,-0.013901515151515154,0.0068000000000000005,176.3800048828125,179.42999267578125,176.2100067138672,179.22999572753906,178.7660675048828,63841300
673,2023-11-07,0.3436729936729937,0.07007992007992009,0.008384615384615384,179.17999267578125,182.44000244140625,178.97000122070312,181.82000732421875,181.349365234375,70530000
674,2023-11-08,0.22373737373737376,0.1093975468975469,0.004416666666666667,182.3500061035156,183.4499969482422,181.58999633789065,182.88999938964844,182.4165954589844,49340300
675,2023-11-09,0.16696969696969696,0.002424242424242425,0.0018,182.9600067138672,184.1199951171875,181.80999755859372,182.41000366210935,181.93783569335935,53763500
676,2023-11-10,0.15606060606060607,0.09385521885521886,0.004888888888888889,183.97000122070312,186.57000732421875,183.52999877929688,186.3999938964844,186.16244506835935,66133400
679,2023-11-13,0.21965909090909091,0.02102272727272727,0.0055,185.82000732421875,186.02999877929688,184.2100067138672,184.8000030517578,184.5644989013672,43627500
680,2023-11-14,0.20722222222222222,0.051666666666666666,0.0054666666666666665,187.6999969482422,188.1100006103516,186.3000030517578,187.44000244140625,187.2011260986328,60108400
681,2023-11-15,0.09466666666666666,0.027999999999999997,0.00228,187.8500061035156,189.5,187.77999877929688,188.00999450683597,187.7703857421875,53790500
682,2023-11-16,0.4125,0.22000000000000003,0.001,189.57000732421875,190.9600067138672,188.6499938964844,189.7100067138672,189.4682464599609,54412900
683,2023-11-17,0.19893181818181818,0.06907954545454545,0.0030499999999999998,190.25,190.3800048828125,188.57000732421875,189.69000244140625,189.44825744628903,50922700
686,2023-11-20,0.19275103980986336,0.07828282828282829,0.00041176470588235296,189.88999938964844,191.91000366210935,189.8800048828125,191.4499969482422,191.2060089111328,46505100
687,2023-11-21,0.17426470588235293,-0.010539215686274509,0.0021176470588235292,191.41000366210935,191.5200042724609,189.7400054931641,190.63999938964844,190.3970489501953,38134500
688,2023-11-22,0.30265151515151517,0.05558712121212121,0.0018124999999999999,191.4900054931641,192.92999267578125,190.8300018310547,191.30999755859372,191.06619262695312,39617700
690,2023-11-24,0.3750436507936508,0.08332936507936509,0.0006666666666666666,190.8699951171875,190.8999938964844,189.25,189.97000122070312,189.7279052734375,24048300
693,2023-11-27,0.32515151515151514,0.18204545454545454,0.0041,189.9199981689453,190.6699981689453,188.8999938964844,189.7899932861328,189.54812622070312,40552600
694,2023-11-28,0.2308080808080808,0.1436868686868687,0.0035555555555555557,189.77999877929688,191.0800018310547,189.3999938964844,190.3999938964844,190.1573486328125,38415400
695,2023-11-29,0.1807449494949495,0.16117424242424241,0.0010833333333333335,190.8999938964844,192.08999633789065,188.97000122070312,189.3699951171875,189.128662109375,43014200
696,2023-11-30,0.2060663021189337,0.13762816131237185,0.0,189.83999633789065,190.32000732421875,188.19000244140625,189.9499969482422,189.7079162597656,48794400
697,2023-12-01,0.46351010101010104,0.2153030303030303,0.002266666666666667,190.3300018310547,191.55999755859372,189.22999572753903,191.2400054931641,190.9962921142578,45679300
700,2023-12-04,0.13421052631578947,0.08464912280701754,0.0029473684210526317,189.97999572753903,190.0500030517578,187.4499969482422,189.42999267578125,189.18858337402344,43389500
701,2023-12-05,0.30287878787878786,0.13909090909090907,0.0017333333333333335,190.2100067138672,194.3999938964844,190.17999267578125,193.4199981689453,193.1735076904297,66628400
702,2023-12-06,0.24993686868686868,0.06870791245791245,0.0030833333333333333,194.4499969482422,194.75999450683597,192.1100006103516,192.32000732421875,192.07492065429688,41089700
703,2023-12-07,0.2668831168831169,0.017207792207792196,0.002785714285714286,193.6300048828125,195.0,193.58999633789065,194.2700042724609,194.02243041992188,47477700
704,2023-12-08,0.19734848484848486,0.04962121212121212,0.0023333333333333335,194.1999969482422,195.9900054931641,193.6699981689453,195.7100067138672,195.4605865478516,53377300
707,2023-12-11,0.11982323232323232,0.07647801544860368,0.005058823529411765,193.1100006103516,193.4900054931641,191.4199981689453,193.17999267578125,192.93380737304688,60943700
708,2023-12-12,0.18719164433450147,0.0900501614787329,0.0027142857142857142,193.0800018310547,194.72000122070312,191.72000122070312,194.7100067138672,194.4618682861328,52696900
709,2023-12-13,0.2687524596615506,0.10264659582841401,0.0017272727272727272,195.08999633789065,198.0,194.8500061035156,197.9600067138672,197.7077178955078,70404200
710,2023-12-14,0.1894412878787879,0.06292613636363636,0.002916666666666667,198.0200042724609,199.6199951171875,196.16000366210935,198.1100006103516,197.85752868652344,66831600
711,2023-12-15,0.28952904040404037,0.02806565656565656,0.0007,197.52999877929688,198.3999938964844,197.0,197.57000732421875,197.31822204589844,128256700
714,2023-12-18,0.2522028318903319,0.07828733766233766,0.006166666666666667,196.08999633789065,196.6300048828125,194.38999938964844,195.88999938964844,195.64035034179688,55751900
715,2023-12-19,0.11562499999999999,-0.017708333333333333,0.00175,196.16000366210935,196.9499969482422,195.88999938964844,196.94000244140625,196.68902587890625,40714100
716,2023-12-20,0.23703208556149732,-0.023841354723707662,0.0037647058823529413,196.8999938964844,197.67999267578125,194.8300018310547,194.8300018310547,194.5817108154297,52242800
717,2023-12-21,0.39090909090909093,0.09068181818181817,0.00225,196.1000061035156,197.0800018310547,193.5,194.67999267578125,194.431884765625,46482500
718,2023-12-22,0.36443764568764564,0.020148601398601397,0.002769230769230769,195.17999267578125,195.41000366210935,192.97000122070312,193.6000061035156,193.3532867431641,37122800
722,2023-12-26,0.2261111111111111,0.12468253968253967,0.0031904761904761906,193.6100006103516,193.88999938964844,192.8300018310547,193.0500030517578,192.80398559570312,28919300
723,2023-12-27,0.15714285714285717,0.05714285714285714,0.004785714285714286,192.4900054931641,193.5,191.08999633789065,193.1499938964844,192.90383911132807,48087700
724,2023-12-28,0.10462962962962963,0.07777777777777778,0.008,194.13999938964844,194.66000366210935,193.1699981689453,193.5800018310547,193.3332977294922,34049900
725,2023-12-29,0.24770733652312601,0.0643341307814992,0.006421052631578947,193.8999938964844,194.3999938964844,191.72999572753903,192.52999877929688,192.28463745117188,42628800
729,2024-01-02,0.3548106060606061,0.16556818181818184,0.0032,187.1499938964844,188.44000244140625,183.88999938964844,185.63999938964844,185.4034118652344,82488700
730,2024-01-03,0.18507575757575756,-0.019810606060606063,0.0054,184.22000122070312,185.8800048828125,183.42999267578125,184.25,184.01519775390625,58414500
731,2024-01-04,0.23079824216187853,0.07795760636669727,0.0032272727272727275,182.1499938964844,183.08999633789065,180.8800048828125,181.91000366210935,181.6781768798828,71983600
732,2024-01-05,0.23511363636363636,0.021325757575757574,0.00295,181.9900054931641,182.75999450683597,180.1699981689453,181.17999267578125,180.9490966796875,62303300
735,2024-01-08,0.16345350052246604,0.07587513061650993,0.0017586206896551726,182.08999633789065,185.6000061035156,181.5,185.55999755859372,185.32351684570312,59144500
736,2024-01-09,0.08206009676597913,0.013273491214667685,0.003882352941176471,183.9199981689453,185.1499938964844,182.72999572753903,185.13999938964844,184.904052734375,42841800
737,2024-01-10,0.1597222222222222,0.05906862745098039,0.001411764705882353,184.3500061035156,186.3999938964844,183.9199981689453,186.19000244140625,185.9527130126953,46792900
738,2024-01-11,0.340431488801054,0.31421277997364955,0.0024347826086956524,186.5399932861328,187.0500030517578,183.6199951171875,185.58999633789065,185.35348510742188,49128400
739,2024-01-12,0.3734492583282906,0.1564656744092228,0.0008709677419354839,186.05999755859372,186.7400054931641,185.19000244140625,185.9199981689453,185.6830596923828,40444700
743,2024-01-16,0.2624198717948718,0.1590544871794872,0.0031538461538461538,182.16000366210935,184.25999450683597,180.92999267578125,183.6300048828125,183.3959808349609,65603000
744,2024-01-17,0.29577721661054995,0.13627946127946128,0.0013333333333333333,181.2700042724609,182.92999267578125,180.3000030517578,182.67999267578125,182.4471893310547,47317400
745,2024-01-18,0.29563769563769565,0.19211621711621713,0.003461538461538461,186.08999633789065,189.13999938964844,185.8300018310547,188.6300048828125,188.38961791992188,78005800
746,2024-01-19,0.16058201058201058,0.21402116402116403,0.0014761904761904762,189.3300018310547,191.9499969482422,188.82000732421875,191.55999755859372,191.3158721923828,68741000
749,2024-01-22,0.2438054009482581,0.08984230055658629,0.004666666666666667,192.3000030517578,195.3300018310547,192.25999450683597,193.88999938964844,193.6428985595703,60133900
750,2024-01-23,0.20888888888888887,0.14666666666666667,0.0009333333333333333,195.0200042724609,195.75,193.8300018310547,195.17999267578125,194.93125915527344,42355600
751,2024-01-24,0.33513986013986014,0.12214452214452215,0.002423076923076923,195.4199981689453,196.3800048828125,194.33999633789065,194.5,194.2521209716797,53631300
752,2024-01-25,0.2735621521335807,0.2047670583384869,0.0020952380952380953,195.22000122070312,196.2700042724609,193.1100006103516,194.1699981689453,193.92254638671875,54822100
753,2024-01-26,0.2097953216374269,0.09108187134502925,0.0023684210526315787,194.2700042724609,194.75999450683597,191.94000244140625,192.4199981689453,192.17477416992188,44594000
756,2024-01-29,0.26124819624819623,0.1727435064935065,0.0032500000000000003,192.00999450683597,192.1999969482422,189.5800018310547,191.72999572753903,191.48565673828125,47145600
757,2024-01-30,0.37919823232323235,0.18428030303030304,0.0033333333333333335,190.94000244140625,191.8000030517578,187.47000122070312,188.0399932861328,187.80035400390625,55859400
758,2024-01-31,0.3436237373737374,0.2711489898989899,0.005545454545454546,187.0399932861328,187.1000061035156,184.3500061035156,184.3999938964844,184.1649932861328,55467800
759,2024-02-01,0.1882850241545894,0.08562801932367149,0.0037391304347826086,183.9900054931641,186.9499969482422,183.82000732421875,186.8600006103516,186.6218719482422,64885400
760,2024-02-02,0.24271246952281436,0.1482227446882619,0.005344827586206896,179.86000061035156,187.3300018310547,179.25,185.8500061035156,185.6131591796875,102518000
763,2024-02-05,0.22549242424242424,0.10018939393939394,0.0017000000000000001,188.1499938964844,189.25,185.83999633789065,187.67999267578125,187.44081115722656,69668800
764,2024-02-06,0.33161363636363633,0.16274242424242424,0.0026,186.8600006103516,189.30999755859372,186.7700042724609,189.3000030517578,189.0587615966797,43490800
765,2024-02-07,0.4310349737981317,0.3053913192071087,0.0012631578947368421,190.63999938964844,191.0500030517578,188.6100006103516,189.41000366210935,189.1686248779297,53439000
766,2024-02-08,0.22502331002331002,0.1623018648018648,0.0016153846153846155,189.38999938964844,189.5399932861328,187.3500061035156,188.32000732421875,188.08001708984372,40962000
767,2024-02-09,0.12908549783549783,0.1556547619047619,0.0019090909090909091,188.6499938964844,189.9900054931641,188.0,188.8500061035156,188.8500061035156,45155200
770,2024-02-12,0.2846763085399449,0.1459710743801653,0.0029090909090909093,188.4199981689453,188.6699981689453,186.7899932861328,187.1499938964844,187.1499938964844,41781900
771,2024-02-13,0.3117858001786573,0.20631556494651732,0.0023333333333333335,185.7700042724609,186.2100067138672,183.50999450683597,185.0399932861328,185.0399932861328,56529500
772,2024-02-14,0.26423444976076554,0.09589314194577354,0.001526315789473684,185.32000732421875,185.52999877929688,182.44000244140625,184.1499938964844,184.1499938964844,54630500
773,2024-02-15,0.24643939393939393,0.09068181818181818,0.0029333333333333334,183.5500030517578,184.4900054931641,181.3500061035156,183.8600006103516,183.8600006103516,65434500
774,2024-02-16,0.26055555555555554,0.05319444444444445,0.0020666666666666667,183.4199981689453,184.8500061035156,181.6699981689453,182.30999755859372,182.30999755859372,49701400
778,2024-02-20,0.3430916305916306,0.19834415584415585,0.003266666666666667,181.7899932861328,182.42999267578125,180.0,181.55999755859372,181.55999755859372,53665600
779,2024-02-21,0.3558396464646465,0.16338383838383838,0.001875,181.94000244140625,182.88999938964844,180.66000366210935,182.32000732421875,182.32000732421875,41529700
780,2024-02-22,0.3561603760822511,0.08215131222943725,0.00125,183.47999572753903,184.9600067138672,182.4600067138672,184.3699951171875,184.3699951171875,52292200
781,2024-02-23,0.27360446570972885,0.15769537480063794,0.003473684210526316,185.00999450683597,185.0399932861328,182.22999572753903,182.5200042724609,182.5200042724609,45119700
784,2024-02-26,0.43357142857142855,0.2711904761904762,0.0007,182.2400054931641,182.75999450683597,180.6499938964844,181.16000366210935,181.16000366210935,40867400
785,2024-02-27,0.28334535834535834,0.15578403078403077,0.0011666666666666668,181.1000061035156,183.9199981689453,179.55999755859375,182.6300048828125,182.6300048828125,54318900
786,2024-02-28,0.28780796055796054,0.1329411976911977,0.0033,182.50999450683597,183.1199951171875,180.1300048828125,181.4199981689453,181.4199981689453,48953900
787,2024-02-29,0.25103415103415105,0.08605098605098604,0.0035238095238095237,181.2700042724609,182.57000732421875,179.52999877929688,180.75,180.75,136682600
788,2024-03-01,0.33622159090909093,0.09602272727272727,0.0019375,179.5500030517578,180.52999877929688,177.3800048828125,179.66000366210938,179.66000366210938,73488000
791,2024-03-04,0.33157203346597286,0.15927775227017651,0.003727272727272727,176.14999389648438,176.89999389648438,173.7899932861328,175.10000610351562,175.10000610351562,81510100
792,2024-03-05,0.2761248852157943,0.09031221303948576,0.0012272727272727275,170.75999450683594,172.0399932861328,169.6199951171875,170.1199951171875,170.1199951171875,95132400
793,2024-03-06,0.4175837320574162,0.245933014354067,0.0028421052631578945,171.05999755859375,171.24000549316406,168.67999267578125,169.1199951171875,169.1199951171875,68587700
794,2024-03-07,0.27921576879910215,0.12495089786756454,0.003277777777777778,169.14999389648438,170.72999572753906,168.49000549316406,169.0,169.0,71765100
795,2024-03-08,0.2583806818181818,0.11860795454545454,0.0015,169.0,173.6999969482422,168.94000244140625,170.72999572753906,170.72999572753906,76114600
798,2024-03-11,0.29797979797979796,0.2032828282828283,0.004555555555555556,172.94000244140625,174.3800048828125,172.0500030517578,172.75,172.75,60139500
799,2024-03-12,0.24031385281385279,0.0011566558441558443,0.004666666666666667,173.14999389648438,174.02999877929688,171.00999450683594,173.22999572753906,173.22999572753906,59825400
800,2024-03-13,0.21460700757575757,0.13274147727272728,0.002375,172.77000427246094,173.19000244140625,170.75999450683594,171.1300048828125,171.1300048828125,52488700
801,2024-03-14,0.289274322169059,0.15651913875598086,0.001631578947368421,172.91000366210938,174.30999755859375,172.0500030517578,173.0,173.0,72913500
802,2024-03-15,0.15443121693121695,0.026124338624338633,0.0030476190476190477,171.1699981689453,172.6199951171875,170.2899932861328,172.6199951171875,172.6199951171875,121664700
805,2024-03-18,0.304397233201581,0.11217061923583663,0.0030434782608695656,175.57000732421875,177.7100067138672,173.52000427246094,173.72000122070312,173.72000122070312,75604200
806,2024-03-19,0.36874999999999997,0.21354166666666666,0.001875,174.33999633789062,176.61000061035156,173.02999877929688,176.0800018310547,176.0800018310547,55215200
807,2024-03-20,0.2912391774891775,0.19473484848484848,0.0044,175.72000122070312,178.6699981689453,175.08999633789062,178.6699981689453,178.6699981689453,53423100
808,2024-03-21,0.30488652761380036,0.09760592942411124,0.0014545454545454547,177.0500030517578,177.49000549316406,170.83999633789062,171.3699951171875,171.3699951171875,106181300
809,2024-03-22,0.2943284889713461,0.07648938363224078,0.002119047619047619,171.75999450683594,173.0500030517578,170.05999755859375,172.27999877929688,172.27999877929688,71106600
812,2024-03-25,0.3262445887445887,0.16174242424242424,0.005047619047619047,170.57000732421875,171.94000244140625,169.4499969482422,170.85000610351562,170.85000610351562,54288300
813,2024-03-26,0.217960247637667,0.09647768002606713,0.003709677419354839,170.0,171.4199981689453,169.5800018310547,169.7100067138672,169.7100067138672,57388400
814,2024-03-27,0.342723149866007,0.20215934858791998,0.003952380952380953,170.41000366210938,173.60000610351562,170.11000061035156,173.30999755859375,173.30999755859375,60273300
815,2024-03-28,0.2915340909090909,0.18605248917748918,0.0031,171.75,172.22999572753906,170.50999450683594,171.47999572753906,171.47999572753906,65672700
